:020000040800F2
:1000000000060020E1020008E3020008E302000805
:10001000E3020008E3020008E3020008E30200082C
:10002000E3020008E3020008E30200083978000850
:10003000E3020008E3020008E3020008E30200080C
:10004000E3020008E3020008E3020008E3020008FC
:10005000E3020008E3020008E3020008E3020008EC
:10006000E3020008E3020008E3020008D1460008AA
:10007000F946000825470008514700087D47000859
:10008000A5470008D1470008E3020008E302000882
:10009000E3020008E3020008E3020008E3020008AC
:1000A000E3020008E3020008E3020008E30200089C
:1000B000E3020008E3020008E3020008E30200088C
:1000C000E3020008E3020008E3020008E30200087C
:1000D000E3020008E3020008E30200085987000871
:1000E000E3020008E3020008E3020008E30200085C
:1000F000E3020008E3020008E3020008FD470008ED
:10010000E3020008E302000895870008E302000804
:10011000E30200086D870008E3020008E30200081C
:1001200029480008514800087D480008A9480008EF
:10013000D5480008E3020008E3020008E3020008D3
:10014000E3020008E3020008E3020008E3020008FB
:10015000FD4800082949000855490008E302000845
:10016000E3020008E3020008E3020008E3020008DB
:10017000E302000825840008E3020008E302000807
:10018000E3020008E302000881870008E302000898
:10019000E3020008E3020008E3020008E3020008AB
:1001A000E3020008E3020008E3020008E30200089B
:1001B000E3020008E3020008E3020008E30200088B
:1001C000E3020008E3020008E3020008E30200087B
:1001D000E302000811840008E3020008E3020008BB
:1001E000E3020008E3020008E3020008E30200085B
:1001F000E3020008E3020008E3020008E30200084B
:10020000E3020008E3020008E3020008E30200083A
:10021000E3020008E3020008E3020008E30200082A
:10022000E3020008E3020008E3020008E30200081A
:1002300045870008E3020008E3020008E302000823
:10024000E3020008E3020008E3020008E3020008FA
:10025000E3020008E3020008E3020008E3020008EA
:10026000E3020008E3020008E3020008E3020008DA
:10027000E3020008E3020008E3020008E3020008CA
:10028000E3020008E3020008E3020008E3020008BA
:10029000E3020008E3020008E3020008E3020008AA
:1002A000E3020008E3020008E3020008E30200089A
:1002B000E3020008E3020008E3020008E30200088A
:1002C000E3020008E3020008E3020008E30200087A
:1002D000E3020008E3020008E3020008E30200086A
:1002E00002E000F000F8FEE772B6374880F30888B5
:1002F000364880F3098836483649086040F20000E5
:10030000CCF200004EF63471CEF200010860BFF36B
:100310004F8FBFF36F8F40F20000C0F2F0004EF637
:100320008851CEF200010860BFF34F8FBFF36F8F8B
:100330004FF00000E1EE100A4EF63C71CEF20001E3
:100340000860062080F31488BFF36F8F07F0D6FA99
:1003500006F026FC4FF055301F491B4A91423CBF26
:1003600041F8040BFAE71D49184A91423CBF41F895
:10037000040BFAE71A491B4A1B4B9A423EBF51F83D
:10038000040B42F8040BF8E700201849184A914280
:100390003CBF41F8040BFAE707F0EEFA06F084FCE4
:1003A000144C154DAC4203DA54F8041B8847F9E7A6
:1003B00000F0C4F9114C124DAC4203DA54F8041B9E
:1003C0008847F9E707F0D6BA00060020002200208F
:1003D0000000000808ED00E00000002000060020FA
:1003E000F89B0008002200207422002078220020C0
:1003F000B4660020E0020008E0020008E002000805
:10040000E00200082DE9F04F2DED108AC1F80CD064
:10041000D0F80CD0BDEC108ABDE8F08F002383F338
:1004200011882846A047002006F09CF9FEE706F058
:10043000EFF800DFFEE7000053B94AB9002908BF12
:1004400000281CBF4FF0FF314FF0FF3000F074B9AF
:10045000ADF1080C6DE904CE00F006F8DDF804E01B
:10046000DDE9022304B070472DE9F047089D0446FA
:100470008E46002B4DD18A42944669D9B2FA82F257
:1004800052B101FA02F3C2F1200120FA01F10CFA93
:1004900002FC41EA030E94404FEA1C48210CBEFBCB
:1004A000F8F61FFA8CF708FB16E341EA034306FB54
:1004B00007F199420AD91CEB030306F1FF3080F0E3
:1004C0001F81994240F21C81023E63445B1AA4B230
:1004D000B3FBF8F008FB103344EA034400FB07F7D2
:1004E000A7420AD91CEB040400F1FF3380F00A8113
:1004F000A74240F207816444023840EA0640E41B08
:1005000000261DB1D4400023C5E900433146BDE8B3
:10051000F0878B4209D9002D00F0EF800026C5E955
:10052000000130463146BDE8F087B3FA83F6002E6D
:100530004AD18B4202D3824200F2F980841A61EBE5
:10054000030301209E46002DE0D0C5E9004EDDE703
:1005500002B9FFDEB2FA82F2002A40F09280A1EBEB
:100560000C014FEA1C471FFA8CFE0126200CB1FB40
:10057000F7F307FB131140EA01410EFB03F0884239
:1005800008D91CEB010103F1FF3802D2884200F2C6
:10059000CB804346091AA4B2B1FBF7F007FB101158
:1005A00044EA01440EFB00FEA64508D91CEB0404F6
:1005B00000F1FF3102D2A64500F2BB800846A4EB51
:1005C0000E0440EA03409CE7C6F12007B34022FA3C
:1005D00007FC4CEA030C20FA07F401FA06F31C436B
:1005E000F9404FEA1C4900FA06F3B1FBF9F8200C78
:1005F0001FFA8CFE09FB181140EA014108FB0EF0BE
:10060000884202FA06F20BD91CEB010108F1FF3A0D
:1006100080F08880884240F28580A8F10208614419
:10062000091AA4B2B1FBF9F009FB101144EA014127
:1006300000FB0EFE8E4508D91CEB010100F1FF34D2
:100640006CD28E456AD90238614440EA0840A0FB6A
:100650000294A1EB0E01A142C846A64656D353D040
:100660005DB1B3EB080261EB0E0101FA07F722FA64
:1006700006F3F1401F43C5E9007100263146BDE88D
:10068000F087C2F12003D8400CFA02FC21FA03F3F0
:10069000914001434FEA1C471FFA8CFEB3FBF7F071
:1006A00007FB10360B0C43EA064300FB0EF69E4296
:1006B00004FA02F408D91CEB030300F1FF382FD22F
:1006C0009E422DD9023863449B1B89B2B3FBF7F6D7
:1006D00007FB163341EA034106FB0EF38B4208D9B0
:1006E0001CEB010106F1FF3816D28B4214D9023EF1
:1006F0006144C91A46EA004638E72E46284605E70F
:100700000646E3E61846F8E64B45A9D2B9EB0208DF
:1007100064EB0C0E0138A3E74646EAE7204694E76F
:100720004046D1E7D0467BE7023B614432E73046A2
:1007300009E76444023842E7704700BF38B501F06A
:1007400007FA01F0C9FB06F04FFF054607F066F80F
:100750000446D0B90F4B9D4219D001339D4241F25E
:10076000883504BF01240025002006F047FF0CB1A6
:1007700000F076F801F050FB00F02EFD08B100F01B
:100780006FF8284600F01AF9F9E70025ECE705466E
:10079000EAE700BF010007B008B501F0A5F9A0F134
:1007A00020035842584108BD07B5042101900DEBC4
:1007B000010001F0B7F903B05DF804FB38B5302350
:1007C00083F31188174803680BB106F0AFF80023D4
:1007D000154A4FF47A71134806F09EF8002383F30C
:1007E0001188124C236813B12368013B23606368AE
:1007F00013B16368013B63600D4D2B7833B96368B7
:100800007BB9022001F06AFA322363602B78032B54
:1008100007D163682BB9022001F060FA4FF47A73B4
:10082000636038BD78220020BD07000898230020AF
:1008300090220020084B187003280CD8DFE800F045
:1008400008050208022001F03BBA022001F028BA94
:10085000024B00225A60704790220020982300200B
:10086000F8B5504B504A1C461968013100F0998088
:1008700004339342F8D162684C4B9A4240F2918023
:100880004B4B9B6803F1006303F500339A4280F001
:100890008880002001F076F90220FFF7CBFF454B5E
:1008A0000021D3F8E820C3F8E810D3F81021C3F8EA
:1008B0001011D3F81021D3F8EC20C3F8EC10D3F8C2
:1008C0001421C3F81411D3F81421D3F8F020C3F87D
:1008D000F010D3F81821C3F81811D3F81821D3F861
:1008E000802042F00062C3F88020D3F8802022F0FC
:1008F0000062C3F88020D3F88020D3F8802042F033
:100900000072C3F88020D3F8802022F00072C3F870
:100910008020D3F8803072B64FF0E023C3F8084D42
:10092000D4E90004BFF34F8FBFF36F8F224AC2F8A0
:100930008410BFF34F8F536923F480335361BFF3A7
:100940004F8FD2F8803043F6E076C3F3C905C3F386
:100950004E335B0103EA060C29464CEA81770139E4
:10096000C2F87472F9D2203B13F1200FF2D1BFF319
:100970004F8FBFF36F8FBFF34F8FBFF36F8F5369ED
:1009800023F4003353610023C2F85032BFF34F8F7A
:10099000BFF36F8F302383F31188854680F3088877
:1009A0002047F8BD0000020820000208FFFF0108F0
:1009B000002200200044025800ED00E02DE9F04F35
:1009C00095B0DFF8D8922022FF21029004A8D9F830
:1009D000085001F0CBF9A84A1378A3B90121A74820
:1009E00011700360302383F3118803680BB105F0A5
:1009F0009DFF0023A24A4FF47A71A04805F08CFFB6
:100A0000002383F31188029B13B19E4B029A1A6054
:100A10009D4A1378032B03D000231370994A536027
:100A20004FF0000B029C5E46DA46CDF804B0012080
:100A300001F046F924B1934B1B68002B00F028828B
:100A4000002001F051F8B0F10008F3DB012001F0C3
:100A500027F9A8F121031F2BE9D801A252F823F0AE
:100A6000E10A0008FD0A00088B0B00082F0A0008A5
:100A70002F0A00082F0A0008150C0008070E0008AE
:100A8000F90C0008550D00087B0D0008A10D0008A9
:100A90002F0A0008B30D0008D70D00084F0E0008FC
:100AA000690B00082F0A0008970E0008ED0A0008DD
:100AB000690B00082F0A0008550D00082F0A0008CE
:100AC0002F0A00082F0A00082F0A00082F0A000822
:100AD0002F0A00082F0A00082F0A00088B0B0008B5
:100AE0000220FFF759FE002840F0FF81029B0221FF
:100AF0006648BBF1000F08BF1C4640E04FF47A7017
:100B000000F0F2FF071EF1DB0220FFF745FE002890
:100B1000ECD0013F052F00F2EA81DFE807F0030780
:100B20000A0D10330520FFF73FFE14E0D9F800004E
:100B3000F9E7D9F80400F6E7D9F80800F3E74FF031
:100B40001C08404608F1040801F01EF8FFF72CFECF
:100B5000B8F12C0FF5D10120019B4FF0000A00FAEB
:100B600007F71F43FBB2019301F04CF92EB1019B33
:100B700003F00B030B2B08BF00240221444800F0B4
:100B8000D1FF54E7D9F80C00CDE7002EAED0019B81
:100B900003F00B030B2BA9D10220FFF7FDFD074645
:100BA0000028A3D00120002600F0ECFF0220FFF770
:100BB00041FE1FFA86FB584600F0F4FF044688B158
:100BC000A8F14002584601365142514100F0FAFF67
:100BD0000028EED1BB46044602212E483E4600F0D6
:100BE000A1FF24E725460120FFF724FED9F80830AD
:100BF000AB4207D9284600F0C7FF013040F07A81A8
:100C00000435F3E70025204BBB463E461D701D4BC7
:100C10005D60A9E7002E3FF469AF019B03F00B0371
:100C20000B2B7FF463AF0220FFF704FE322000F0AD
:100C30005BFFB0F10008FFF659AF18F003077FF42F
:100C400055AF08EB0503D9F8082093423FF64EAFA5
:100C5000B8F5807F3FF74AAF0F4BB84503931FDDD0
:100C60004FF47A7000F040FF0028FFF63FAF039B7F
:100C7000013703F8010BF0E79423002078220020CD
:100C8000BD0700089823002090220020B49100089E
:100C9000AC910008B09100089422002000220020AE
:100CA000C820FFF779FD074600283FF41FAF1F2D2E
:100CB00011D8C5F1200204AB25F003008F4942454D
:100CC000184428BF4246039201F02AF8039AFF21F4
:100CD0008A4801F04BF84FEAA803C8F38702874916
:100CE0002846039301F04AF8064600283FF474AF03
:100CF000039B05EB830537E70220FFF74DFD002836
:100D00003FF4F4AE00F07CFF00283FF4EFAE002784
:100D1000B846D9F80830BB4218D91F2F11D8049B08
:100D200001330ED027F0030350336B4453F8403C9B
:100D30000C93404604220CA9043701F065F9804663
:100D4000E7E7384600F020FF0C90F2E74046FFF757
:100D50002BFD09E7002364210CA80C9300F0D8FEBA
:100D600000287FF4C3AE0220FFF716FD00283FF4F1
:100D7000BDAE0C9800F03AFFE9E7002364210CA80F
:100D80000C9300F0C5FE00287FF4B0AE0220FFF700
:100D900003FD00283FF4AAAE0C9800F029FFD6E727
:100DA0000220FFF7F9FC00283FF4A0AE00F038FF66
:100DB000CDE70220FFF7F0FC00283FF497AE0CA926
:100DC000142000F033FF0390FFF7EEFC03990CA80A
:100DD00000F0A8FEC8E60220FFF7DEFC00283FF482
:100DE00085AE474B0CAF03F1100C1868083353F86D
:100DF000041C3A46634503C21746F6D11020FFF79C
:100E0000D3FC1021E3E7322000F06EFE071EFFF650
:100E10006DAEBB077FF46AAE07EB0A03D9F8082072
:100E200093423FF663AE0220FFF7B6FC00283FF482
:100E30005DAE27F003075744BA453FF495AE5046E0
:100E40000AF1040A00F0A0FEFFF7AEFCF4E74FF44D
:100E50007A70FFF7A1FC00283FF448AE00F0D0FE06
:100E6000002849D0049B01330BD0082204A900209C
:100E700000F084FF00283FD02022FF2104A800F0CA
:100E800075FF2048022100F04DFE1F4805F070FC60
:100E900015B0BDE8F08F002E3FF428AE019B03F0A3
:100EA0000B030B2B7FF422AE002364210CA80C93C0
:100EB00000F02EFE074600287FF418AE0220FFF750
:100EC0006BFC804600283FF411AE02210D4800F073
:100ED00029FE41F2883005F04BFC0C9800F0DAFF57
:100EE00046463C4600F08EFFA1E506463CE64FF044
:100EF000000AFBE5BB466FE637466DE6942200200C
:100F000098910008AC910008A0860100704700008D
:100F100070470000704700002DE9F04100F5803770
:100F2000044616463B7C5BB9C0681030204400F094
:100F3000F7FEE5683544B5F5004FE56002D816B117
:100F4000BDE8F081DEB905F07F0605F11000002153
:100F5000C6F180062044F6B232462E4400F006FF69
:100F6000A06804F11008324600F10060414600F527
:100F7000003006F0D9F830B901233B74E0E74FF4B4
:100F800000463546ECE7A26805F1100140463244C0
:100F90002144A260E268521BE26000F0C1FE022020
:100FA000BDE8F04100F09ABE183000F0E9BC000046
:100FB00010B5044601F044F8204610BD10B50446B3
:100FC00001F03EF8204610BDC0B2A0F14103052B50
:100FD00002D83738C0B27047A0F16103052B94BF27
:100FE00057383038F6E7000070B504461546084615
:100FF00003220C4900F09EFE014688B908346E1C9D
:1010000015F91100FFF7E0FF024616F91100013152
:10101000FFF7DAFF102940EA021004F8010BEFD1C4
:1010200070BD00BFB89100082DE9F04FADF53F7DD0
:101030000746416801222AA802F0F6FE002840F087
:1010400087800646824681461125DFF80C81DFF84D
:101050000CB101AB4FF4805241462AA803F044F88A
:10106000002875D1019AB2F5805F71D8002A65D049
:101070000446019A9442ECD2282D0FD008DC132D9F
:101080002DD01E2D39D0112D13D00134A4B2F0E78C
:10109000322D2DD0372D2FD02D2DF6D13B68121BA0
:1010A00008EB040138461B692D259847BDF804401C
:1010B000EBE7121B022A09D9594608EB040000F09D
:1010C00039FE18B902342825A4B2DEE718F8043036
:1010D0003A2B3DD00A2B1CBFA1461325D5E718F8A3
:1010E00004300A2B34D03A2B04BFA2463225CCE779
:1010F00018F80430202BC8D0264618F804300A2BE4
:101100001AD1AAEB090208EB090102A811254F2AFE
:1011100028BF4F2208F02CF8A21B08EB060116A8E6
:101120004F2A28BF4F2208F023F83B6816AA02A9CD
:10113000DB6838469847A8E71E25A6E73B6838468F
:1011400004491B69984701200DF53F7DBDE8F08FEC
:101150000020F9E7BA920008A0230020BC91000803
:1011600000F1180110B5044686B00846019100F060
:10117000F1FB2046FFF758FF60B1019902A800F08B
:1011800049FC102204F1080102A807F0B1FFB0FAEF
:1011900080F0400906B010BD70B504460025EEB2DF
:1011A000304600F0FFFC58B100213046013500F018
:1011B00009FD08B9002070BD022000F08FFDEEE7A8
:1011C0002046FFF731FF0028F4D004F58034207C5E
:1011D00080F00100EFE70000F0B5C9B006F01CFA9E
:1011E00000F04AFF18B90025284649B0F0BD69460D
:1011F0002A4803F03BF800284BD1294C204603F045
:1012000065F8284803F062F8274803F05FF82146A4
:10121000224803F0D7F80028E5D1702000F00AFF3B
:10122000064610B1214B44600360336830469B682A
:101230009847054600282ED01A4F1948394603F022
:10124000C1F805460028CED1194800F0F3FE044647
:1012500038B1184B4760036000F58033C0E9025590
:101260001D74236820469B689847054628B10E499F
:101270000C4803F0A7F80028B5D1336830465B6806
:1012800098471CB1236820465B68984700F0DCFE55
:10129000AAE70025FAE70446EFE700BFC09100087F
:1012A000D0910008E7910008FD9100082092000805
:1012B000140001003C9200082DE9F04FD44A8DB093
:1012C0000B68D0F804A001931A440368D14E1A4465
:1012D000D1F81C90DFF8B4C3DFF8B4B3D0E902341E
:1012E000634003EA0A03634013444A6802920AEB2C
:1012F0007363029CC84A2244C468224484688AEA10
:1013000004051D40654015448A68039203EB35557A
:10131000039CC24A2244846822448AEA03042C4083
:1013200084EA0A041444CA6805EBF43404921644AF
:1013300083EA0502224056445A4032440E6905961B
:1013400004EBB222059FB64E3E441E4485EA0403D8
:1013500013406B4033444E69069602EB7363069F5D
:10136000B04E3E442E4484EA02051D40654035449B
:101370008E69079603EB3555079FAB4E3E442644D6
:1013800082EA03042C4054403444A84E4E4405EBFA
:10139000F434164483EA050222405A4032440E6A6D
:1013A000089604EBB222089FA14E3E441E4485EAF3
:1013B000040313406B4033444E6A099602EB736397
:1013C000099F9C4ED1F830E03E44D1F83880F34478
:1013D0002E4484EA02051D40654035448E6AA6F518
:1013E000244703EB35550A964F3F274482EA03040E
:1013F0002C4054403C44CF6A0B9705EBF4340B9ED1
:101400008D4F3744029E174483EA050222405A401A
:101410003A448A4F774404EBB2221F4485EA04031E
:1014200013406B403B444F6BBC4402EB7363654419
:1014300084EA020C0CEA030C8CEA040C6544DFF825
:1014400054C2C44403EB3555A44482EA03042C403F
:1014500054406444D1F83CC0794905EBF43461440C
:10146000114483EA050222405A400A44754904EBBC
:10147000B2223144079E194484EA02032B406340A0
:101480000B44714902EBF36331440B9E0D4482EA35
:1014900003012140514029446C4D03EBF151354487
:1014A000019E254483EA010414405C402C44684DAD
:1014B00001EBB4443544069E154481EA04021A4007
:1014C0004A402A44634D04EB323235440A9E1D449F
:1014D00084EA02030B4063402B445F4D02EBF3634D
:1014E0003544059E0D4482EA0301214051402944C0
:1014F0005A4D03EBF1516544254483EA010414403D
:101500005C402C44564D01EBB4443544099E1544CF
:1015100081EA04021A404A402A44524D04EB323216
:101520003544049E1D4484EA02030B4063402B446F
:101530004D4D02EBF36345440D4482EA0301214023
:1015400051402944494D03EBF1513544089E2C4448
:1015500083EA010515405D402C44454D01EBB44440
:101560003544039E2A4481EA04051D404D402A4427
:10157000404D04EB32323D442B4484EA020593444F
:101580000D4065402B443C4D02EBF3633544069E11
:10159000294482EA0305254055402944374D03EB91
:1015A000F1514D442C4483EA010515405D4025442A
:1015B00001EBB54581EA050404EA03024A405A44B6
:1015C000A6F5B82B089E05EB3232ABF2BE6B544049
:1015D0005B4423442A4C344402EB33730B9E0C448B
:1015E00085EA020159402144264C344403EB7151F1
:1015F000029E254482EA03044C402544224C444484
:1016000001EB3545144483EA01026A40224443E079
:1016100078A46AD7EECEBDC156B7C7E8DB702024E8
:10162000AF0F7CF52AC68747134630A8019546FDC3
:10163000D8988069AFF7448BBED75C892211906B34
:101640002108B44962251EF640B340C0515A5E26B7
:10165000AAC7B6E95D102FD65314440281E6A1D87B
:10166000C8FBD3E7E6CDE121D60737C3870DD5F414
:10167000ED145A4505E9E3A9F8A3EFFCD9026F6719
:1016800081F6718722619D6D0C38E5FD937198FD9F
:101690008A4C2A8D8E4379A6934C344405EB7222F2
:1016A000059E1C4481EA0503534023448F4C344477
:1016B00002EB33730A9E0C4485EA0201594021442F
:1016C0008B4C4C4403EB7151254482EA03044C409B
:1016D0002C44884D354401EB3444019E154483EA83
:1016E000010262402A44844D3D4404EB72221D44B1
:1016F00081EA040353402B44804D354402EB33739D
:10170000049E294484EA02055D4029447C4D354409
:1017100003EB7151079E254482EA03044C402C449C
:10172000784D354401EB3444099E2A4483EA01058F
:1017300065401544744A324404EB7525039E1344F6
:1017400081EA04026A401A44704B734405EB32721A
:101750000B4484EA0501514019446D4B634402EB8C
:1017600071511C4485EA02034B401C44694B3344CD
:1017700001EB3444019E1D4482EA010363402B4483
:10178000654D04EB73233544069E154463EA01025C
:1017900062402A44614D03EBB2624D4462EA04099F
:1017A00029445F4D89EA0309454449442C445D4D71
:1017B00002EBB1513544049E61EA03081D4488EAF6
:1017C0000208444401EB744464EA02034B402B4496
:1017D000554D04EBF323754463EA010E15448EEA7C
:1017E000040E0EEB0502514D03EBB262354462EA82
:1017F000040E29440A9D8EEA030EA5F580164C4D71
:101800007144A6F6833602EBB151264461EA030423
:1018100054403444029E01EB7444354464EA0206A9
:101820001D444E407319089E424D04EBF32335448A
:1018300063EA01061544664072193F4D03EBB2623C
:10184000654462EA040629443C4D5E403144079EEB
:1018500002EBB151354461EA03062C44384D564041
:101860003D443444059E1D4401EB744464EA020384
:101870004B402B44334D04EBF32335440B9E15446E
:1018800063EA010262402A442F4D03EBB262354401
:10189000039E0D4462EA0401594029442B4D02EB9A
:1018A000B15135442A4E254461EA030454402C4486
:1018B000099D01EB74442E4464EA02051E4485EA46
:1018C00001039D1903681A440AEB040303EBF52393
:1018D0000260436083681C44C36819448460C1602B
:1018E0000DB0BDE8F08F00BF44EABEA4A9CFDE4B27
:1018F000604BBBF670BCBFBEC67E9B28FA27A1EA30
:101900008530EFD4051D880439D0D4D9E599DBE6BC
:10191000F87CA21F6556ACC4442229F497FF2A43E1
:10192000A72394AB39A093FCC3595B6592CC0C8F71
:10193000D15D84854F7EA86FE0E62CFE144301A3A1
:10194000A111084E827E53F735F23ABDBBD2D72A99
:1019500091D386EB094B036003F18833436003F1B5
:101960002943A3F59613A3F68B638360A3F1883311
:10197000C3600023C0E90433704700BF01234567FB
:101980002DE9F8431446026905460E46E300C2F30A
:10199000C50800F118079B18036122BF4369013392
:1019A000436112F4FC7F436903EB5473436114D029
:1019B000C8F1400907EB08004C4504D22246BDE8B7
:1019C000F84307F0A5BB403C4A464E4407F0A0FB55
:1019D000444439462846FFF76FFCA04606EB04094D
:1019E000B8F13F0FA9EB08010AD94022384607F0A9
:1019F0008FFB39462846A8F14008FFF75DFCEFE76A
:101A0000A1096FF03F02384602FB014206EB81114B
:101A1000D5E7000070B50B6901F1180506460C46C4
:101A2000C3F3C503EA18501C8022EA54C3F13F02F5
:101A3000072A1FD8002100F099F929462046FFF710
:101A40003BFC38220021284600F090F92369294602
:101A50002046236563696365FFF72EFC214610224B
:101A6000304607F055FB204658220021BDE8704063
:101A700000F07CB9C3F137020021E5E72DE9F84F0A
:101A80004FF47A7306460D46002402FB03F7DFF895
:101A90005080DFF8509098F900305FFA84FA5A1CB1
:101AA00001D0A34210D159F824002A4631460368D8
:101AB000D3F820B03B46D847854205D1074B0120DB
:101AC00083F800A0BDE8F88F0134042CE3D14FF473
:101AD000FA7004F04DFE0020F4E700BFE43300206C
:101AE0001022002014220020002307B50246012105
:101AF0000DF107008DF80730FFF7C0FF20B19DF80A
:101B0000070003B05DF804FB4FF0FF30F9E7000079
:101B10000A46042108B5FFF7B1FF80F00100C0B20A
:101B2000404208BD074B0A4630B41978064B53F8BB
:101B30002140014623682046DD69044BAC4630BC99
:101B4000604700BFE433002014220020A08601007B
:101B500070B50A4E00240A4D05F08AFA30802868D4
:101B60003388834208D905F07FFA2B680444013397
:101B7000B4F5003F2B60F2D370BD00BFE633002008
:101B8000A033002005F04EBB00F1006000F50030EE
:101B90000068704700F10060920000F5003005F029
:101BA000C3BA0000054B1A68054B1B889B1A834279
:101BB00002D9104405F058BA00207047A033002025
:101BC000E633002038B50446074D29B12868204483
:101BD000BDE8384005F060BA2868204405F04AFAAC
:101BE0000028F3D038BD00BFA0330020002070478C
:101BF00000F1FF5000F58F10D0F80008704700008A
:101C0000064991F8243033B100230822086A81F88C
:101C10002430FFF7BFBF0120704700BFA43300206E
:101C2000014B1868704700BF0010005C194B013869
:101C30000322084470B51D68174BC5F30B042D0C27
:101C40001E88A6420BD15C680A46013C82421346BC
:101C50000FD214F9016F4EB102F8016BF6E7013AA9
:101C600003F10803ECD181420B4602D22C2203F887
:101C7000012B0424094A1688AE4204D1984284BF3D
:101C8000967803F8016B013C02F10402F3D1581A73
:101C900070BD00BF0010005C242200207C92000870
:101CA000022804D1054B4FF400129A6170470128B5
:101CB000FCD1024B4FF40022F7E700BF001002589E
:101CC000022803D1044B20229A6170470128FCD1DD
:101CD000014B0822F8E700BF00100258022805D186
:101CE000064A536983F02003536170470128FCD1F1
:101CF000024A536983F00803F6E700BF0010025858
:101D000070B504464FF47A764CB1412C254628BF75
:101D1000412506FB05F0641B04F02AFDF4E770BDC5
:101D2000002310B5934203D0CC5CC4540133F9E7CF
:101D300010BD0000013810B510F9013F3BB191F919
:101D400000409C4203D11AB10131013AF4E71AB1C3
:101D500091F90020981A10BD1046FCE70346024690
:101D6000D01A12F9011B0029FAD170470244034628
:101D7000934202D003F8011BFAE770472DE9F843BC
:101D80001F4D14460746884695F8242052BBDFF8BD
:101D900070909CB395F824302BB92022FF2148463F
:101DA0002F62FFF7E3FF95F824004146C0F10802D7
:101DB00005EB8000A24228BF2246D6B29200FFF770
:101DC000AFFF95F82430A41B17441E449044E4B29E
:101DD000F6B2082E85F82460DBD1FFF711FF00284A
:101DE000D7D108E02B6A03EB82038342CFD0FFF701
:101DF00007FF0028CBD10020BDE8F8830120FBE7D6
:101E0000A4330020024B1A78024B1A70704700BFAF
:101E1000E433002010220020F8B5194C194803F0D3
:101E20009FFF2146174803F0C7FF24684FF47A70DC
:101E3000154ED4F89020154DD2F80438114F43F0C8
:101E40000203C2F80438FFF75BFF2046104904F094
:101E5000C1F8D4F890200424D2F8043823F0020307
:101E6000C2F804384FF4E133336055F8040BB8423C
:101E700002D0314603F0D2FE013CF6D1F8BD00BFDE
:101E8000789A000818490020CC3300201422002042
:101E9000809A00080C4B70B50C4D04461E780C4B14
:101EA00055F826209A420DD00A4B002118221846D8
:101EB000FFF75CFF0460014655F82600BDE870405E
:101EC00003F0ACBE70BD00BFE4330020142200203C
:101ED00018490020CC3300202DE9F04771B6464B5D
:101EE00001201D68454BB3F8008000231A461946AF
:101EF00002F0D8FD0446802005F034FA0746002899
:101F000062D0002C60D03E4EADB24FF0800A7369B3
:101F1000284643F0C0637361D6F8143143F0C063C0
:101F2000C6F8143105F0A0F805EB080200FB05F334
:101F30004FF4D06C50434FF03D0E984233D9326984
:101F4000520144D4D6F81021510140D4216803F144
:101F500000628A602268D7602268C2F804A0226802
:101F6000C2F800C0D4F80090D9F8002042F0010275
:101F7000C9F80020D4F80090D9F8002022F01E0201
:101F8000C9F80020D4F80090D9F80020D207FBD47B
:101F900094F80C90803361680EFA09F20A60CCE77D
:101FA000002005F03FF9204602F0BCFD384605F060
:101FB00015FA134B5A6942F0C0625A61D3F81421E2
:101FC00042F0C062C3F8142161B6BDE8F0870D4B42
:101FD0009A6A42F400729A629A6A42F400429A62E1
:101FE00061B60026012005F01DF9B045D8D9A81921
:101FF000013605F051F8F8E7A0330020E633002061
:102000000020005200ED00E030B50A44084D914236
:102010000DD011F8013B5840082340F30004013B68
:102020002C4013F0FF0384EA5000F6D1EFE730BDF7
:102030002083B8ED0121884238BF084605F0CAB9AF
:1020400008B105F0CBB9704710B5084C012208491A
:10205000002001F0C5FE23783BB1064803F056FD91
:10206000044803F089FD0023237010BDE8330020ED
:102070008C920008C83600202DE9F041234C244EF4
:10208000236DBBB901224FF4004104F1500005F06B
:102090000DFB236D1B686BB901224FF4805104F1D5
:1020A000500005F003FB236D1B681BB90020307046
:1020B000BDE8F08133780BB1FFF7C6FF0324154F5D
:1020C0004FF00008114D13492846C7F8048003F06B
:1020D00045FD284603F07EFB38B1013C284603F05D
:1020E0004BFD14F0FF04E1D0EDE70B4901220B4852
:1020F00001F076FE014618B1284603F007FDECE733
:10210000074800F00FF80120D1E700BFC8360020D3
:10211000E83300203C2200208C920008EC330020A1
:10212000909200080FB4002004B070470068704718
:1021300003460068596870470B0A017043700B0C26
:10214000090E8370C1707047110A027003714170EB
:10215000110C120E8170C2701A0A42711A0C1B0EF9
:102160008271C37170470000C36A0239023B8B421F
:1021700083BF4389006C01FB03000020704700000F
:10218000C2F307238A76CB760378032B01BF120CA8
:102190000A75120A4A75704700F10B010022D3013B
:1021A00043EA520310F8012B52FA83F38842DAB261
:1021B000F5D110467047000010B541780446002064
:1021C000013102464901022A16BFA35C032203EB38
:1021D000C03302F101021EBF9BB203EB500398B261
:1021E0009142F0D810BD000002684AB1134613F8BE
:1021F000011B1F290DD93A29F9D1911C8B4202D01C
:102200004FF0FF3070471278302AF9D10360002078
:102210007047014B187870473836002038B50D46A6
:10222000044618B9092000232B6038BD0368002B31
:10223000F8D01A78002AF5D08188DA889142F1D155
:10224000587804F031FC10F00100EBD12368EBE783
:1022500038B50D4640F25231144602F0BDF9FF2860
:1022600007D9012C0BD9030A022468702B70204671
:1022700038BD30B1002CFAD001242870F7E70024D3
:10228000F5E70446F3E700002DE9F8430026D0F80F
:10229000008005460C468E76836B002B4AD098F85A
:1022A0000030042B4BD133463546402720E0B7F5AC
:1022B000187F80F0C480F90606F1010608BF0237D6
:1022C000D05B02372BB900F5205292B2B2F5006F05
:1022D0000DD305F11A01C5F1FF0240EA0340214484
:1022E000FFF7B6FF002800F0AA800544002003464F
:1022F000D8F8102092F82310B142D8D8002B40F023
:102300009E80002D00F09B8000232544AB766373F4
:10231000D8F81020137903F03701DB0621730BD4B2
:1023200002F13800FFF704FFC4E9000193896381DB
:10233000D3892381BDE8F88300200146F4E7C36C0C
:1023400001335ED1EA6B00232E26551E184615F880
:10235000011F013020290CD0052908BFE5210928DB
:1023600004D10B2B9EBFE71801337E73E7180133AE
:1023700079730B28EBD1E11800204873A17E002966
:102380004BD1002B40D06FF00C0604F10D00082556
:10239000361B331810F8011B002938D02E298BB2B8
:1023A0004AD0A3F14101192903D8117B0D4200D075
:1023B00020330373EDE7B9F1000F05D100F5205389
:1023C0009BB2B3F5006F0BD307F11A01C7F1FF02FF
:1023D00040EA09402144FFF73BFF48B10744002091
:1023E00002368146D8F80C30985B0028E3D1384695
:1023F000B9F1000F4FF0000218BF002023189A76A1
:10240000A0E7B1463746EDE73F23A37601232344F7
:1024100000219976137B03B96373D37A02F11C0010
:1024200003F03F0323730023FFF780FE2060636007
:10243000D38A6381138B7CE710250B46B9E73F23D2
:102440000125A37660E7000038B50546002435F87D
:10245000020B08B9204638BD02F0F2F86308C2B298
:1024600003EBC43312FA83F39AB2C0F3072303EBEE
:10247000520303EBC2339CB2E9E7000037B5C378DF
:1024800004461BB90025284603B030BD00F14C01BD
:10249000826C01234078019104F02CFB054680B941
:1024A000A36BE070A06C226BC31A9342EAD2A378AC
:1024B0000199022BE6D102440123607804F01AFB53
:1024C000E1E70125DFE7000038B5836C05460C46DF
:1024D0008B4210D0FFF7D2FF60B92246012305F1ED
:1024E0004C01687804F0E2FA00281CBF4FF0FF347A
:1024F0000120AC6438BD0020FCE7000038B50023A3
:102500000446C3704FF0FF338364FFF7DDFF0028FC
:102510004BD1B4F84A524AF655239D4207D10B22BB
:10252000254904F14C0006F0E3FD00283FD094F863
:102530004C30EB2B03D01833DBB2012B2ED84AF6EC
:1025400055239D4206D108221C4904F19E0006F045
:10255000CFFD48B3B4F85730B3F5007F1ED194F8DF
:102560005930DBB15A1E1A4218D1B4F85A30ABB107
:1025700094F85C30013B012B10D8B4F85D306BB19E
:10258000B4F85F307F2B06D804F16C00FFF7CEFD66
:10259000B0F5803F02D3B4F8623053B94AF6552003
:1025A00085420CBF0220032038BD0420FCE7012037
:1025B000FAE70020F8E700BFBC920008C8920008C4
:1025C00002392DE9F04701F007044FF0010A466C8B
:1025D00005460AFA04F41746984606EB1136C1F38D
:1025E000C809E4B2314628460136FFF76DFF18B13D
:1025F0000120BDE8F087994605EB090292F84C30BE
:10260000234214BF01210021414513D06340013F03
:1026100082F84C3085F803A0EBD0640014F0FF047E
:10262000EAD109F1010301244FF00009B3F5007F5D
:10263000E1D1D7E70220DCE701290246F8B50C46D4
:1026400040F28C800668F36A8B4240F287803378D0
:10265000013B032B00F28280DFE803F00229384BB4
:1026600004EB5405B16B304601EB5521FFF72CFF0D
:1026700010B14FF0FF30F8BD6F1CC5F30805B16B0A
:102680003046354401EB572195F84C50FFF71CFFBD
:102690000028EED1C7F30807E3073E4496F84C0044
:1026A00045EA00204CBF0009C0F30B00E3E7B16B23
:1026B000304601EB1421FFF707FF0028D9D1640051
:1026C00004F4FF742644B6F84C00D4E7B16B3046EE
:1026D00001EBD411FFF7F8FE0028CAD1A40006F1DF
:1026E0004C0004F4FE742044FFF720FD20F07040FD
:1026F000C1E7D0E90430D57953EA000101D09168EF
:1027000001B95DBB9168022DA4EB01010DD1013B24
:10271000728940F1FF305B0A43EAC053B3FBF2F326
:1027200099421BD81CD0601CA5E7032D02D19369E8
:102730008B42F8D8D3699BB9B16B304601EBD41109
:10274000FFF7C2FE002894D1A0004C3600F4FE70C2
:102750003044FFF7EBFC20F000408CE701208AE7D3
:102760006FF0004087E70000F8B5066804460D46A4
:102770003378042B0CBF4FF080524FF400128A4282
:1027800001D80220F8BDCA06FBD182680163D2B924
:10279000022B13D83389B3EB551FF2D9F36BA36324
:1027A000A36B6263002BECD003EB55234C36C5F3CF
:1027B00008050020A3633544E563E3E7F36BC271CA
:1027C000002BE7D01A4677897F02BD42114604D21A
:1027D0003046FFF7C9FCA063E2E72046FFF72CFF75
:1027E000431C024606D00128CBD9F36A8342C8D9DC
:1027F000ED1BEAE70120C5E701292DE9F047064670
:102800000C46174608D9C36A8B4205D90378022BB8
:1028100062D003D8012B22D0022552E0033B012BCA
:10282000FAD8816B01EBD411FFF74EFE0546002864
:1028300047D1A40006F14C0304F4FE741C44337821
:10284000042B07D0204627F07047FFF76FFC00F0FD
:102850007040074339462046FFF76EFC2FE001EB3E
:102860005108816B01EB5821FFF72EFE054640BB56
:1028700014F0010406F14C0908F1010AC8F3080834
:1028800008BFFBB230461FBF19F8083003F00F0233
:102890003B0103F0F00318BF134309F8083001238C
:1028A000B16BF37001EB5A21FFF70EFE054640B9FC
:1028B000CAF3080A44B1C7F3071709F80A700123DD
:1028C000F3702846BDE8F08719F80A30C7F30327EC
:1028D00023F00F031F43F0E7816B01EB1421FFF797
:1028E000F3FD05460028ECD1640006F14C0304F426
:1028F000FF741F551919C7F307274F70DFE7000052
:10290000F8B504460E461746E3690BB91846F8BDFC
:10291000012BA6EB0305206814BFAA1C3A46691CCC
:10292000FFF76AFF0028F2D1E369013BE361EBE7BF
:1029300001292DE9F84306460C461746056802D8DA
:102940000220BDE8F883EB6A8B42F9D97AB9A14637
:1029500021463046A046FFF76FFE0446B0B92B78FB
:10296000042B02D1002F43D1F7710020E9E72B7827
:10297000042B02D1C379022BE9D04FF0FF32394644
:102980002846FFF739FF0028E1D0DAE70128D7D041
:10299000421C01D10120D4E72B78042B19D1EA6A1B
:1029A000AB69023A93421CD308F10102A2420CD057
:1029B0002B78042B08D10023A2EB090249462846B4
:1029C000FFF7FEFD0028BCD1A146EB6AA342BFD8A9
:1029D000C5E7002241462846FFF70EFF0028DED05B
:1029E000AFE70133AB612B7943F001032B71DBE7D8
:1029F000F3798BB9B468BC4202D10223F371B4E716
:102A000021463046FFF718FE012899D9431CC1D052
:102A100001348442EFD0A8E7032BA6D1B368BB42B0
:102A2000A3D8B2691344BB429FD3E6E770B5C3791C
:102A30000446032B06D181688369CD18A94203D1CE
:102A40000023E371002070BD4E1C20683246FFF762
:102A5000D3FE0028F7D13146F0E700002DE9F74317
:102A600005460191FFF70AFD0446002849D105F10A
:102A70004C09019928464FF40072FFF775FB214677
:102A8000A86407464846FFF771F96C896402B4F5FB
:102A9000004F28BF4FF40044B4F5007F2FD92046E3
:102AA00004F0A0FC804630B122460021640A0026D2
:102AB000FFF75CF909E06408EEE72346BA194146DE
:102AC000687804F017F818B926446B899E42F4D34D
:102AD000404604F097FC6889801B18BF012003B0B2
:102AE000BDE8F08301366B899E42F4D20123BA1906
:102AF0004946687803F0FEFF0028F3D0EBE7002694
:102B0000F1E70120EBE70000F8B50446FFF7B6FC5B
:102B10000546002842D12378032B37D12779012F8E
:102B200034D104F14C0601464FF400723046FFF7F1
:102B30001DF955234122722184F84A32AA2304F553
:102B40000D7084F84F2084F84B32522384F83012F1
:102B500084F84C3084F84D30612384F8311284F8C5
:102B60004E3084F83332A16984F83222FFF7E4FA58
:102B7000616904F50E70FFF7DFFA626B3B46314680
:102B800001326078A26403F0B5FF257100226078FD
:102B9000114603F0D3FF003818BF0120F8BD000034
:102BA00000232DE9F0430B6085B00F461546FFF773
:102BB0001BFB061EC0F2B281804B53F82640002C4E
:102BC00000F0AE813C6005F0FE0523786BB16078C3
:102BD00003F06AFFC70708D41DB110F0040500D048
:102BE0000A25284605B0BDE8F0830023F0B2237023
:102BF000607003F045FFC10700F194810DB14207F9
:102C0000EED400212046FFF779FC022840F099809D
:102C10006E4604F2122304F2522132461846103353
:102C2000FFF784FA42F8040B8B42F7D1002556F8DF
:102C3000041B00297DD02046FFF760FC012879D8CD
:102C40000128A26C40F0C08004F1570304F18C010C
:102C500013F8015B002D7BD18B42F9D1B4F8B4306D
:102C6000B3F5807F74D194F8B830092B70D104F19A
:102C70009400FFF75DFA4FF0FF33171841F10001A0
:102C8000BB4275EB010363D304F1A000FFF74EFADA
:102C900094F8BA302063012BA37059D194F8B990FD
:102CA00003FA09F91FFA89F36381002B50D0444BD2
:102CB00004F1A800FFF73AFA0646984248D8831C68
:102CC000626304F1A400E362FFF730FA00EB02084C
:102CD00004F19C00C4F84080FFF728FA10441FFA62
:102CE00089F2A06306FB02F313EB080345EB050230
:102CF0009F4271EB02032BD32E4604F1AC00FFF789
:102D000015FAE06365B96389B34221D9E16B2046C6
:102D1000FFF72AFA81192046FFF7D6FB98B901364A
:102D2000631993F84C30812B14D02035C5F3080576
:102D3000E8E703200135042D7FF479AF042807D19B
:102D400001E0042801D101254BE701287FF678AF87
:102D50000D2546E705F1140004F14C063044FFF759
:102D6000E5F901280546F3D9E36A8342F0D9618980
:102D7000821E236C02FB01336364A16B204601EBCE
:102D8000D511FFF7A1FB0028DDD105F07F0006EB90
:102D90008000FFF7CBF9431C03D00135A842ECD0EB
:102DA000D6E70425C4E90500064A257000251388E6
:102DB000E56101339BB21380E38012E73C360020CB
:102DC000FDFFFF7F40360020B4F85730B3F5007F99
:102DD000BED1B4F8626026B904F17000FFF7A6F91D
:102DE000064694F85C302663591EA3700129AFD8BB
:102DF00094F859506581002DAAD0691E2942A7D1A7
:102E0000B4F85D8018F00F0FA4F80880A0D1B4F8D2
:102E10005F0018B904F16C00FFF788F9B4F85A1094
:102E2000002995D006FB03FE01EB181CF444604515
:102E30008ED3A0EB0C00A842B0FBF5F388D33E483C
:102E4000834285D84FF6F57083426DD903259F1CC8
:102E5000114402EB0C03032DE7626263A163236458
:102E60004CD1B4F8763053EA08037FF471AFBB005D
:102E700004F17800FFF75AF9E06303F2FF13B6EBB1
:102E8000532FFFF465AF4FF0FF33032DC4E9053333
:102E90004FF08003237187D1B4F87C30012B83D1AC
:102EA000511C2046FFF710FB00287FF47DAFB4F8DB
:102EB0004A224AF6552320719A427FF475AF1F4B80
:102EC00004F14C00FFF732F998427FF46DAF03F143
:102ED000FF5304F50C70FFF729F903F50053203375
:102EE00098427FF461AF04F50D70FFF71FF9A06100
:102EF00004F50E70FFF71AF9606155E7B8F1000F9D
:102F00003FF426AF7144022D4FEA4703E1631EBF31
:102F1000D91907F0010303EB5103AEE70B2560E677
:102F20000C255EE603255CE640F6F575AB428CBFEA
:102F3000022501258BE700BFF5FFFF0F52526141CB
:102F40002DE9F84F07460568884649B96E69C6B14C
:102F5000EB6AB34298BF0126AB69A3B9002405E030
:102F6000FFF76AFB0128044603D801242046BDE888
:102F7000F88F421C00F0D280EB6A8342F6D84646B6
:102F8000EAE70126E8E72A78EB6A042A40F0838022
:102F9000A6F1020A023B4FF0010B9A4528BF4FF001
:102FA000000AD146696C284601EB1931FFF78CFA0B
:102FB00000283BD109F00703EA6AC9F3C8010BFAFC
:102FC00003F3901EDBB26A184C4609F1010992F82E
:102FD0004C20814502EA030233BF5B0000234FF41B
:102FE0000071DBB228BF9946B2B90234631E0333C5
:102FF000BCD80123214628461A46FFF7E1FA0228E9
:10300000B3D0012800F08A80B8F1000F13D1022359
:10301000FB710028A9D130E0CA450AD0002BD2D1DB
:103020000131B1F5007FBDD20123CCE74FF0FF3471
:10303000DCE70024DAE7FB79022B07D1731CA342FB
:10304000E7D0BB68F31ABB610323FB7108F10102EF
:10305000FB69A24205D113B10133FB61D9E7022319
:10306000FBE70BB90123FB61224641463846FFF7D7
:1030700047FC00284FD10123FB61EA6AAB69023AA1
:103080006C6193429CBF03F1FF33AB612B7943F03A
:1030900001032B716AE7464514D1741C38469C42E3
:1030A00028BF02242146FFF7C7FA01283FF45DAF8D
:1030B000431C33D0E0B16B69012B03D9EA6A934218
:1030C00038BF1E4634460134EB6AA34203D8012EB2
:1030D0007FF644AF022421463846FFF7ADFA48B1E7
:1030E00001283FF442AF013018D0B442EBD135E7AC
:1030F000002CE7D04FF0FF3221462846FFF77CFB3B
:1031000048B9B8F1000FB8D0224641462846FFF72B
:1031100073FB0028B1D001287FF427AF4FF0FF34B4
:1031200024E700002DE9F84306680446076B89464A
:1031300033782037042B0CBF4FF080534FF400132B
:10314000BB429CBF00238363836B73B1C7F3080842
:10315000B8F1000F3CD10133416B836339B9338936
:10316000B3EB571F34D80023A36304200AE073890C
:10317000013B13EA57232BD1FFF75EFA01280546DE
:1031800002D80220BDE8F883421C01D10120F9E7F2
:10319000F36A834216D8B9F1000FE4D0616B204680
:1031A000FFF7CEFE0546C8B10128EAD0431CEDD09A
:1031B00001463046FFF752FC0028E7D1E37943F09F
:1031C0000403E371294630466563FEF7CDFFA06333
:1031D0004C36002027634644E663D3E70720D1E757
:1031E000F8B50E46002104460768FFF7BDFA98B906
:1031F0000546A16B3846FFF767F968B93A78E36B83
:10320000042A1B780CD11B060ED505460121204649
:10321000FFF788FF0028ECD0042808BF072006E04D
:10322000E52B01D0002BF0D10135B542EED1F8BD30
:10323000C16C4B1C2DE9F04104460568066B1FD19B
:10324000E5274FF00108A16B2846FFF73DF998B933
:103250002A78E36B042A09BF1A781F7002F07F02F4
:103260001A7085F80380236BB3420DD200212046EB
:10327000FFF758FF0028E6D0042808BF022003E02B
:10328000FFF772FA0028DBD0BDE8F0812DE9F041AC
:1032900005460068A96B0669FFF716F9044620B9D0
:1032A000EB6B1A78852A03D002242046BDE8F08112
:1032B000324603F1200153F8040B8B4242F8040B11
:1032C000F9D1777801377F01A7F16003B3F5007F6B
:1032D000EAD800212846FFF725FF04280446E3D05A
:1032E0000028E2D1A96B2868FFF7EEF80446002811
:1032F000DBD1EB6B1A78C02AD6D106F1200203F19C
:10330000200153F8040B8B4242F8040BF9D196F8D4
:1033100023300F222C33B3FBF2F3B7EB431FC3D39D
:103320004FF0400800212846FFF7FCFE0428044621
:10333000BAD00028B9D1A96B2868FFF7C5F80446B0
:103340000028B2D1EB6B1A78C12AADD1B8F5187F3D
:1033500009D206EB080203F1200153F8040B8B425B
:1033600042F8040BF9D108F120084745DAD8B8F53E
:10337000187F9AD83046FEF71FFF7388834294D097
:1033800092E700000B68002210B5036004460B6A48
:1033900083604B6AC261C37123F0FF03896AC0E98D
:1033A0000432C164FFF7E0F920B92046BDE81040BF
:1033B000FFF76CBF10BD0000F8B503680546012794
:1033C0001C692046FEF7F8FEA070000A6678E070DF
:1033D0002846E96CFFF7C8F920B1022828BF02206F
:1033E000C0B2F8BDA96B2868FFF76EF80028F4D1C9
:1033F000EB6B04F1200254F8041B944243F8041BC5
:10340000F9D12B68DF70002EE7D000212846013E5D
:10341000FFF788FEE0E700002DE9F8434FF0FF08D2
:1034200006460768042445464FF6FF79B16B11B98B
:10343000002C73D063E03846FFF746F804460028B6
:103440005DD1F06B0378002B6ED03A78042A11D14D
:10345000852B4DD1336B3046F364FFF717FF0446DD
:1034600000284CD13B691B7903F03F03B371204620
:10347000BDE8F883C27AE52B02F03F02B27143D077
:103480002E2B41D022F0200108293DD00F2A40D117
:10349000590637D503F0BF05336B90F80D80F36400
:1034A000437B434530D1428B72BB03780D21FC68CE
:1034B00023F04003DFF874E0013B4B4301211EF889
:1034C00001CB30F80CC009B3FF2B1DD824F813C072
:1034D0006146013301320D2AF1D10278520605D539
:1034E00021B1FF2B10D8002224F81320013DEDB2AA
:1034F00000213046FFF716FE0446002896D0002330
:10350000B363B4E7AB42CBD0FF25F1E7CC45E1D0C4
:10351000FAE72DB9FEF740FE404501D10024A6E7A9
:103520004FF0FF33F364A2E70424E8E76493000854
:103530002DE9F04F002187B00446D0F80090FFF746
:1035400013F9804670B999F80030042B33D1D9F8BB
:103550000C00FEF779FF07462046FFF75DFF0546A2
:1035600020B18046404607B0BDE8F08FD9F8103052
:103570009A8CBA42F0D193F823B040265D4506D12B
:10358000D9F80C3033F81530002BE5D1EAE7F10615
:10359000D9F8103008BF0236985B01F051F8D9F81D
:1035A0000C30824633F8150001F04AF88245D3D139
:1035B00002360135E2E74FF0FF0A4FF0FF3B554678
:1035C000C4F84CB0A16B4846FEF77EFF00285CD1E2
:1035D000E66B3778002F77D0F27AE52F02F03F03C1
:1035E000A37103D0120704D50F2B04D0C4F84CB03C
:1035F0004FE00F2B54D194F84B3058063FD4790646
:1036000045D5236B07F0BF0796F80DA0E364737BE5
:1036100053453ED1738B002B3BD135780121D9F82E
:103620000C3005F03F0501930D23013D5D43284B10
:1036300013F8012BB25A71B3FF2D059329D8104608
:10364000049200F0FDFF6B1C03900293019B33F882
:10365000150000F0F5FF039981421AD1049A029DEA
:103660001146059B1B4A9342E2D133785A0604D592
:1036700019B1019B33F815305BB97D1EEDB2002105
:103680002046FFF74FFD00289CD080466AE7BD42E8
:10369000BDD0FF25F3E74FF6FF708242E2D0F8E796
:1036A0002DB93046FEF778FD50453FF45BAF94F8F6
:1036B0004B30DB079AD40B2204F14001304605F071
:1036C00017FD002892D14DE74FF004084AE700BFEC
:1036D00064930008719300082DE9F04F90F84BB007
:1036E00099B004461BF0A00540F06C810668F268B2
:1036F00032F81530002B4AD13378042B40F0878004
:103700000F230E352046B5FBF3F5A91CFFF768FD26
:103710008146002877D1236B0135A3EB4515E3796A
:103720005A07E56435D523F004032046E371FFF71B
:103730007DF950BB4FF0FF32616B2046FFF7E0F898
:1037400018BBA3682BB3214604A8FFF71BFEE0B902
:1037500070894FF40071D4E90423E0FB0123306940
:10376000C4E904233830FEF7EFFC3069D4E90423C0
:103770002830FEF7E9FCE379326904A843F001033D
:1037800082F82130FFF718FE18B181463BE0013581
:10379000AEE7D6E90354402200212046FEF7E6FAC0
:1037A0008523012140222370C0234FF0C10C04EB7C
:1037B000010884F8203000231E469E46571C04F85A
:1037C00002C0F0B2023204F807E021B135F813105C
:1037D00009B10133DBB20F0AA15408F802700232BA
:1037E000D706F2D135F813700136002FE6D184F8F0
:1037F0002330831C28466370FEF726FE84F82400DD
:10380000000A84F82500484619B0BDE8F08F04F19D
:1038100040070DF1100A1BF0010F97E807008AE836
:10382000070000F0D78040234FF0010884F84B30A8
:10383000BC46F368B8F1050F9AE80700ACE803004E
:103840002CF8022B4FEA12428CF800205DD9981E0A
:10385000424630F8021F002946D10DF10F0C072116
:1038600002F00F0E914612090EF13000392888BF80
:103870000EF1370001390CF8010902D0B9F10F0F30
:10388000EED801F160037E200DEB030202F8580C24
:1038900038460022914206D010F801CB02F1010E09
:1038A000BCF1200F33D104F13F0C072902F10102D2
:1038B00097BF01F16003202001310DEB030098BF99
:1038C00010F8580C072A0CF80200EED92046FFF732
:1038D0002FFE8146002878D108F10108B8F1640F65
:1038E000A6D14FF007098EE74FF0100C01F0010E42
:1038F00049080EEB4202D30344BF82F4883282F0BF
:103900002102BCF1010CF1D1A3E74246A5E77246C2
:10391000C0E7216B2046A1EB4511FEF725FF81464C
:1039200000287FF470AF4FF6FF783846FEF734FC7E
:103930000190A16B3046FEF7C7FD814600287FF459
:1039400062AFE36BE9B2019A4FF00D0CD6F80CE0D0
:103950005A734FF00F02DFF8E0A0DA724A1E1873B4
:103960000CFB02F284469876D87640451AF8019B03
:103970000CF1010C18BF3EF8120003EB090B18BF45
:10398000013203F809004FEA1029002808BF404619
:10399000BCF10D0F8BF80190E7D1404502D03EF805
:1039A00012200AB941F0400119700123002120467C
:1039B000F370FFF7B7FB814600287FF424AF013D89
:1039C000B7D11BE04FF006091DE704287FF41BAFB9
:1039D00084F84BB01BF0020F20461BBF0C350D21A5
:1039E0000125B5FBF1F518BF01352946FFF7F8FBB6
:1039F000814600287FF407AF013D8AD1A16B304694
:103A0000FEF762FD814600287FF4FDAE01462022CC
:103A1000E06BFEF7ABF9E36B03CF18605960BA783F
:103A200039889A72198194F84B30E26B03F01803CD
:103A300013730123F370E6E66493000810B504469F
:103A40000A463430FEF772FB886004F13800FEF756
:103A50006FFBC2E9040194F8213003F00203D37133
:103A60000023D36110BD000003284B8B04BF8A8A5A
:103A700043EA0243184670472DE9F04F0B7899B09E
:103A8000044689462F2BD0F800B001D05C2B09D119
:103A90004A461378914601322F2BFAD05C2BF8D08E
:103AA000002301E0DBF81C30A3600023E3619BF8F6
:103AB0000030042B1ED1A368E3B1DBF8203021468F
:103AC00004A82362DBF824306362DBF82830A362A9
:103AD000FFF758FC0346002854D1DBF8102002F110
:103AE0003800FEF723FBC4E9040392F8213003F009
:103AF0000203E37199F800301F2B00F23581802317
:103B00000021204684F84B3019B0BDE8F04FFEF795
:103B10002BBE49460B78894601312F2BFAD05C2BFE
:103B2000F8D01F2B8CBF00250425012F2FD113881F
:103B30002E2B31D1002322F8173004F140029F428E
:103B40008CBF2E21202101330B2B02F8011BF6D153
:103B500045F02005204684F84B50FFF7E9FC94F827
:103B60004B30002800F0E78004280BD1990603F0C1
:103B7000040240F1DC80002A00F0F680802300205F
:103B800084F84B3019B0BDE8F08F0425CDE7022F43
:103B900002D153882E2BCAD0911E87BB002322F856
:103BA0001730002F00F0118132F81300194601334D
:103BB0002028F9D009B92E2801D145F00305901E1F
:103BC00030F817302E2B01D0013FF9D14FF02033C0
:103BD0004FF0000A6364D0462364C4F847300823DA
:103BE000481C32F811600090F6B1202E03D02E2E22
:103BF0000DD1B84210D045F003050099F0E731F837
:103C00001730202B01D02E2BC8D1013FC5E79A4594
:103C100005D20099B9423BD10B2B30D101E00B2BDF
:103C200027D145F003050B2394F84020E52A04BF73
:103C3000052284F84020082B04BF4FEA88085FFA69
:103C400088F808F00C030C2B03D008F00303032BB7
:103C500001D145F00205A8073FF57CAF18F0010F30
:103C600018BF45F0100518F0040F18BF45F00805FF
:103C700070E70099B94202D045F00305D4D84FEA65
:103C800088080B234FF0080A00975FFA88F8B4E71A
:103C90007F2E15D9304640F25231CDE9022345F04E
:103CA0000203019300F098FC10F0800F0646DDE956
:103CB000022316D000F07F0646498E5D019D46B373
:103CC00031464548CDE9012305F03CFADDE9012301
:103CD000F8B9A6F1410189B219291ED848F00208A5
:103CE00010E0FF28EAD9591E8A4503D345F00305A1
:103CF0009A4682E704EB0A01000A0AF1010A019DD3
:103D000081F8400004EB0A010AF1010A81F84060E1
:103D100073E745F003055F26F4E7A6F1610189B278
:103D200019299EBF203E48F00108B6B2EAE7002AF2
:103D300008BF052026E75A073FF524AFA379DB0625
:103D400045D59BF80000042835D1A3682146E279C7
:103D500023622369DBF8100023F0FF03134363623F
:103D6000E36CA362FFF76AFE23680027DA6819F89C
:103D7000010B00283FF409AF40F25231009200F0ED
:103D80004BFC054608B31F28009A7FF6FEAE2F288D
:103D90003FF4BFAE5C283FF4BCAE7F2805D8014697
:103DA0000E4805F0CFF9009A78B9FF2F0DD022F810
:103DB00017500137DBE7216B0BF14C03C1F308010E
:103DC0001944FFF751FEA060CEE70620DAE6052091
:103DD000D8E600BFE4920008DD920008D492000803
:103DE0001FB5CDE9001003A814460391FEF7FCF9B6
:103DF000002815DB0B4A52F820300BB10021197056
:103E0000019B0BB10021197042F820302CB1002227
:103E100001A96846FEF7C4FE0446204604B010BD62
:103E20000B24FAE73C3600202DE9F04798B0904685
:103E300005460191002800F0528102F03F0603A9D7
:103E400001A83246FEF7ACFE002840F04681039BF5
:103E50004FF48C60049303F0C5FA0746002800F085
:103E60004081039B00F500720199D86004A81A6193
:103E7000FFF702FE044620B99DF95B30002BB8BF66
:103E8000062418F01C0F00F0CD80002C4CD0042C20
:103E900040D104A8FFF720FC044600283AD146F0A0
:103EA0000806039B1A78042A40F083801869294683
:103EB0002B60FFF7C3FD039B1E220021186902300F
:103EC000FDF754FF039C00211A2220692630FDF7DC
:103ED0004DFF236920221A71246903F0BDFA0146BF
:103EE000012208342046FEF727F9039B04A81B692A
:103EF00083F82120FFF760FA044658B9A96801B396
:103F000002462846FEF714FDAB68039A0446013BBF
:103F10005361B4B1384603F075FA0CB100232B603D
:103F2000204618B0BDE8F0879DF8163013F0110F49
:103F300040F0848018F0040F40F0C98018F0080F9A
:103F4000AFD1039A31071399936C48BF46F04006EE
:103F5000E964AB641078042872D1069B9DF81710B1
:103F60002B62089B106923F0FF030B4329466B6209
:103F7000179BAB62FFF762FDDDF80CA00024002266
:103F800005F15008BAF8063021464046C5F800A0B1
:103F9000AB80002385F8306085F831406C64C5E95A
:103FA0000E234FF40072FDF7E1FEB20653D4002455
:103FB000B0E703F051FA0146009013980E30FEF777
:103FC000BBF8139800991630FEF7B6F8039C1399C6
:103FD0002078FFF749FD202300228046CB7220463F
:103FE0001399FEF7CDF8139B002201211A775A7717
:103FF0009A77DA77039BD970B8F1000FA1D04146C8
:1040000004A8D3F84890FEF793FC0446002881D119
:1040100049460398FEF758FA039B044608F1FF301F
:10402000586176E7002C7FF475AF9DF81630DC06FA
:104030004FD418F0020F84D0D80782D5072469E73F
:10404000FFF712FD0023A86001F11C00FEF76EF8D7
:104050006B61286190E7D5E9046956EA0903A6D0A7
:10406000BAF80AA0A9684FEA4A2AC5E90E69B2451A
:1040700074EB09031BD300242964002C7FF44AAF9E
:10408000C6F30803002B92D0039C2046FEF76CF881
:1040900008B3760A0123414646EAC95682196A6482
:1040A000607802F003FD041E18BF012432E72846A1
:1040B000FEF7C2FAB6EB0A06014669F100090128CB
:1040C00003D9431CD3D10124D6E70224D4E7082422
:1040D00020E704241EE702241CE704461EE7092407
:1040E0001EE711241CE700002DE9F04F994685B02A
:1040F0000023884603A90446C9F800301646FEF797
:104100008DF8054680BB94F831506DBB94F8303083
:1041100013F00103009300F0A68004F1500AD4E9E3
:104120000432D4E90E011B1A62EB0102B34272F1B0
:10413000000238BF1E46BEB1D4E90E10C1F3080319
:10414000002B40F08280039B5A894B0A013A43EAD4
:10415000C0531A401BD151EA000309D1A0680128BD
:104160000DD8022584F83150284605B0BDE8F08FFF
:10417000216C20460192FEF75FFA019AEFE7431C9B
:1041800004D10123009D84F83130EDE72064DDF88F
:104190000CB0216C5846FDF7E7FF0028E1D0B6F5DA
:1041A000007F02EB000731D3BBF80A1002EB562068
:1041B000730A88429BF8010088BF8B1A3A46414631
:1041C000019302F073FC0028DBD194F93020019BAD
:1041D000002A0BDA606CC01B984207D24FF40072C1
:1041E000514608EB4020FDF79BFD019B5F02D9F88B
:1041F0000030F61BB8443B44C9F80030D4E90E3215
:10420000DB1942F10002C4E90E3294E7626CBA4253
:104210001AD094F93030002B0DDA012351469BF867
:10422000010002F067FC0028ABD194F8303003F0B5
:104230007F0384F83030039801233A465146407892
:1042400002F034FC00289CD16764A16B4046C1F3A6
:104250000801C1F500775144B74228BF37463A46B6
:10426000FDF75EFDC3E707257EE7000070B596B059
:104270000E460022019002A901A8FEF791FC044617
:10428000E0B94FF48C6003F0ADF80546D8B1029B5D
:1042900000F500720199D86002A81A61FFF7ECFBE3
:1042A000044640B99DF95330002B0ADB1EB131465C
:1042B00002A8FDF7E9FF284603F0A4F8204616B04F
:1042C00070BD0624F7E71124F8E7000070B5B8B018
:1042D0000222019003A901A8FEF762FC044608BB74
:1042E000039B4FF48C60109303F07CF80546002884
:1042F00066D0039B00F500720199D86010A81A617E
:10430000FFF7BAFB044650B99DF88B30980655D498
:10431000190653D49DF84630DA0706D507242846F7
:1043200003F070F8204638B070BD039B04931878F2
:10433000042814D104A91869FFF780FB069E9DF894
:104340004630DB0610D410A8FEF772FF04460028A2
:10435000E5D156BB0398FEF7D7FB0446DFE71F996C
:10436000FFF782FB0646EAE7039BDA69B242D5D043
:1043700024930021269624A81B78042B01BFDDE995
:104380000823CDE928239DF817308DF89730FEF7E4
:10439000EBF904460028C2D124A8FFF73DF80446F3
:1043A0000028BBD00428BAD1CDE70246314604A884
:1043B000FEF7BEFA04460028B1D1CBE70624AEE7EB
:1043C0001124AFE7F0B5BDB0CDE900106846FDF7A8
:1043D0000BFF022203A901A8FEF7E2FB0446002816
:1043E00041D1039B4FF48C60149302F0FBFF054610
:1043F000002800F0EE80039B00F5007214AE0199D6
:10440000D8601A613046FFF737FB044640BB9DF881
:104410009B3013F0A00F40F0D880039B009F1A78C8
:10442000042A68D11B6904AC03F1400C18680833F6
:1044300053F8041C2246634503C21446F6D15022A9
:10444000314628A8FDF76CFC394628A8FFF714FB75
:10445000044600284CD12A9A169B9A4206D008247A
:10446000284602F0CFFF20463DB0F0BD349A209B95
:104470009A42F4D128A8FFF72FF904460028EFD17B
:10448000039B04AF1B6993F801E093F823C09C8C55
:104490003A46083303CAB24243F8080C43F8041CF6
:1044A0001746F5D1039B28A81B6983F801E0039BFD
:1044B0001A6982F823C01A6982F82440240A82F813
:1044C00025401A691379D9065CBF43F020031371A4
:1044D000FEF772FF04460028C2D13046FEF7A8FE60
:1044E00004460028BCD10398FEF70EFB0446B7E74C
:1044F0000428B5D1BEE7239A04AB02F1200C106862
:10450000083252F8041C1C46624503C42346F6D107
:104510005022314628A8FDF703FC394628A8FFF7AA
:10452000ABFA044600284CD12A9A169B9A4296D19F
:10453000349A209B9A4292D128A8FFF7CDF80446DE
:1045400000288DD137990DF11D030DF12D0001F1DA
:104550000D0253F8044B834242F8044BF9D11888FA
:10456000012710809B7893709DF81B30039CDA061E
:1045700058BF43F02003CB72E770CB7ADB06ACD593
:10458000169A2A9B9A42A8D02078FFF76DFA014626
:104590002046FDF7E9FD0146C8B12046FDF794FF2E
:1045A000044600287FF45CAF039890F86D302E2B02
:1045B00093D12A9A00F16C01FDF7E2FD039BDF70B5
:1045C0008BE704287FF44CAFB6E7062448E70224C3
:1045D00046E7112447E700007F2810B501D880B2D4
:1045E00010BDB0F5803F13D240F2523399420FD143
:1045F0000849002231F8024B93B2844203D103F1FF
:104600008000C0B2ECE70132802AF3D11346F6E70E
:104610000020E5E7249600087F280DD940F25233A8
:10462000994208D1FF2806D800F10040034B80389A
:1046300033F8100070470020704700BF2496000830
:10464000B0F5803FF0B522D21F4A83B21F49B0F5C2
:10465000805F28BF0A46141D34F8042C2146AAB1F5
:10466000934213D334F8025C2E0AEFB252FA85F566
:10467000A84222DA082E09D8DFE806F0050A10124F
:104680001416181A1C00801A34F810301846F0BDA1
:10469000981A00F001001B1A9BB2F7E7103BFBE7EA
:1046A000203BF9E7303BF7E71A3BF5E70833F3E740
:1046B000503BF1E7A3F5E353EEE70434002ECBD1F2
:1046C00001EB4702C7E700BF749300086895000834
:1046D00008B5074B074A196801F03D019960536816
:1046E0000BB190689847BDE8084003F0DDB800BF03
:1046F000000002404436002008B5084B19688909BB
:1047000001F03D018A019A60054AD3680BB1106936
:104710009847BDE8084003F0C7B800BF000002405A
:104720004436002008B5084B1968090C01F03D011A
:104730000A049A60054A53690BB190699847BDE82D
:10474000084003F0B1B800BF00000240443600202A
:1047500008B5084B1968890D01F03D018A059A607A
:10476000054AD3690BB1106A9847BDE8084003F0C9
:104770009BB800BF000002404436002008B5074B3C
:10478000074A596801F03D01D960536A0BB1906A3C
:104790009847BDE8084003F087B800BF000002401A
:1047A0004436002008B5084B5968890901F03D01DD
:1047B0008A01DA60054AD36A0BB1106B9847BDE8ED
:1047C000084003F071B800BF0000024044360020EA
:1047D00008B5084B5968090C01F03D010A04DA607C
:1047E000054A536B0BB1906B9847BDE8084003F046
:1047F0005BB800BF000002404436002008B5084BFB
:104800005968890D01F03D018A05DA60054AD36BCC
:104810000BB1106C9847BDE8084003F045B800BFE5
:10482000000002404436002008B5074B074A1968CB
:1048300001F03D019960536C0BB1906C9847BDE855
:10484000084003F031B800BF0004024044360020A5
:1048500008B5084B1968890901F03D018A019A6081
:10486000054AD36C0BB1106D9847BDE8084003F0C2
:104870001BB800BF000402404436002008B5084BB6
:104880001968090C01F03D010A049A60054A536D4C
:104890000BB1906D9847BDE8084003F005B800BF24
:1048A000000402404436002008B5084B1968890D01
:1048B00001F03D018A059A60054AD36D0BB1106E77
:1048C0009847BDE8084002F0EFBF00BF0004024077
:1048D0004436002008B5074B074A596801F03D01EE
:1048E000D960536E0BB1906E9847BDE8084002F056
:1048F000DBBF00BF000402404436002008B5084B6F
:104900005968890901F03D018A01DA60054AD36ED0
:104910000BB1106F9847BDE8084002F0C5BF00BF5B
:10492000000402404436002008B5084B5968090CC1
:1049300001F03D010A04DA60054A536F0BB1906F34
:104940009847BDE8084002F0AFBF00BF0004024036
:104950004436002008B5084B5968890D01F03D0127
:104960008A05DA60054AD36F13B1D2F88000984700
:10497000BDE8084002F098BF000402404436002021
:1049800000230C4910B51A460B4C0B6054F8230059
:10499000026001EB430004334260402BF6D1074A2A
:1049A0004FF0FF339360D360C2F80834C2F80C3480
:1049B00010BD00BF443600202497000800000240CC
:1049C0000F28F8B510D9102810D0112811D01228AE
:1049D00008D10F240720DFF8C8E00126DEF80050D8
:1049E000A04208D9002653E00446F4E70F24002033
:1049F000F1E70724FBE706FA00F73D424AD1264CCF
:104A00004FEA001C3D4304EB00160EEBC000CEF84D
:104A10000050C0E90123FBB273B12048D0F8D83070
:104A200043F00103C0F8D830D0F8003143F001035F
:104A3000C0F80031D0F8003117F47F4F0ED017487E
:104A4000D0F8D83043F00203C0F8D830D0F80031A5
:104A500043F00203C0F80031D0F8003154F80C00E4
:104A6000036823F01F030360056815F00105FBD1FF
:104A700004EB0C033D2493F80CC05F6804FA0CF4BB
:104A80003C6021240560446112B1987B00F0D8FCA1
:104A90003046F8BD0130A3E72497000800440258CF
:104AA0004436002010B5302484F31188FFF788FFC6
:104AB000002383F3118810BD10B50446807B00F0FD
:104AC000D5FC01231549627B03FA02F20B6823EA45
:104AD0000203DAB20B6072B9114AD2F8D81021F091
:104AE0000101C2F8D810D2F8001121F00101C2F87A
:104AF0000011D2F8002113F47F4F0ED1084BD3F8E8
:104B0000D82022F00202C3F8D820D3F8002122F0E6
:104B10000202C3F80021D3F8003110BD4436002052
:104B20000044025808B5302383F31188FFF7C4FF0F
:104B3000002383F3118808BD836CC26A8B425068DE
:104B400010B506D95A1E4C0002EB4103B3FBF4F337
:104B5000184410BD01F001038A0748BF43F0020367
:104B60004A0748BF43F008030A0748BF43F004035D
:104B7000CA0648BF43F010038A06426B48BF43F0A1
:104B8000200313434363704710B5074C204600F0E1
:104B9000D9FF064B0022C4E91023054BA364054B43
:104BA000E363054BE36410BDC836002000240248CF
:104BB00000B4C4041C3700201C390020C36A0BB9A0
:104BC000104BC3620379012B11D10F4B98420ED1C8
:104BD0000E4BD3F8DC2042F40072C3F8DC20D3F88B
:104BE000042142F40072C3F80421D3F80431436C69
:104BF00000221A65DA621A605A605A624FF0FF3278
:104C00009A63704724980008C83600200044025870
:104C10000379012B29D0436C00221A65DA621A60ED
:104C20005A605A624FF0FF329A63104B98421CD17F
:104C30000F4BD3F8842042F40072C3F88420D3F8D9
:104C4000842022F40072C3F88420D3F88420D3F89F
:104C5000DC2022F40072C3F8DC20D3F8042122F413
:104C60000072C3F80421D3F804317047C83600201D
:104C70000044025810B5446C0649FFF75DFF6060C0
:104C8000236842F2107043F003032360BDE8104034
:104C900001F06EBD801A06000129F8B5466C0B4F75
:104CA00009D175680A493D40FFF746FF054345F4C1
:104CB00080557560F8BD746806493C40FFF73CFFBD
:104CC000044344F480547460F4E700BF00ECFFFF39
:104CD00080F0FA0240787D01436C00225A601A602D
:104CE00070470000426C0129536823F4404304D00C
:104CF000022905D001B95360704743F48043FAE7B5
:104D000043F40043F7E70000436C41F480519A609C
:104D1000D9605A6B1206FCD580229A637047000056
:104D200010B541F48851446CA260E160616B11F0F0
:104D30004502FBD0A26311F0040203D0FFF70AFF83
:104D4000012010BD616910461960FAE710B541F401
:104D50008851446CA260E160616B11F04502FBD0A8
:104D6000A26311F0050203D0FFF7F4FE012010BD8D
:104D7000616910461960FAE773B5134604460E469A
:104D8000302282F31188426CD26B32B14FF0FF3186
:104D90004030019301F0F8FC019B606C0022026539
:104DA000C263C262456B15F4807504D185F3118826
:104DB000012002B070BD4FF0FF31816382F3118892
:104DC000012E06D90C21204602B0BDE87040FFF745
:104DD000BDBF1046EDE7000073B5446C0E460025DC
:104DE0000192616BA1632565E562FFF7B3FE012EB9
:104DF00007D9019B2A460C2102B0BDE87040FFF79D
:104E0000A5BF02B070BD000010B541F49851446CCC
:104E1000A260E160616B11F04502FBD0A26311F06A
:104E20003F0203D0FFF796FE012010BD216A104615
:104E30001960E1695960A16999606169D960F4E715
:104E40002DE9F74304460191006D01A917469846E4
:104E500002F044FC064600284AD0626C2046DDF889
:104E600004905568C5F3090501356B00A56CB5FBC9
:104E7000F3F54FF47A73B5FBF3F55D43556200F03B
:104E800027FE50BB636C4FF0FF3201254146C3F84B
:104E9000589020461D659A634FF49572DA6342F28A
:104EA00007029F62DA62E36C0A9AFFF74FFFA0B92C
:104EB000E26C104B11680B407BB929462046FFF786
:104EC0005BFF054648B92E463A460199206D02F02F
:104ED0003DFC304603B0BDE8F083E26C2046012182
:104EE000FFF77AFF3A460199206D02F02FFCF0E7B8
:104EF0000126EEE708E0FFFD2DE9F7431F46436C6E
:104F000001924FF47A725D6804468846C5F309053C
:104F100001356E00856CB5FBF6F5B5FBF2F5554332
:104F20005D6200F0D5FD20B10125284603B0BDE843
:104F3000F0837E0201A9206D324602F0CFFB0546C8
:104F40000028F1D0636C019AD4F84C909A65012244
:104F50001A654FF0FF329A634FF49572DA639E62DE
:104F6000236BDB064B4658BF4FEA4828012F4246C9
:104F70001BD912212046FFF7E9FEC0B9D9F800205D
:104F8000104B13409BB9636C42F2930239462046A2
:104F9000DA62E26CFFF7F0FE804640B932460199D2
:104FA000206D454602F0D2FBBFE71121E2E7E26C3B
:104FB00039462046FFF710FF32460199206D02F076
:104FC000C5FBB2E708E0FFFD2DE9F3411F46436C46
:104FD00001924FF47A725D6804468846C5F309056C
:104FE00001356E00856CB5FBF6F5B5FBF2F5554362
:104FF0005D6200F06DFD20B10125284602B0BDE8DC
:10500000F0817E0201A9206D324602F0B7FB054611
:105010000028F1D0636C019A9A6501221A654FF05D
:10502000FF329A634FF48D72DA639E62236BE66CF3
:10503000DB06334658BF4FEA4828012F424619D9AC
:1050400019212046FFF782FEB0B932680F4B13409A
:1050500093B9636C42F2910239462046DA62E26CFF
:10506000FFF78AFE064638B901993546206D02F0F1
:10507000C1FBC2E71821E4E739462046E26CFFF79E
:10508000ABFE0199206D02F0B5FBB6E708E0FFFD2D
:1050900012F0030F2DE9F04107460C4615461E4657
:1050A00017D00E44B44202D10020BDE8F0810123A4
:1050B000FA6B21463846FFF71FFF0028F5D1284636
:1050C0004FF40072F96B05F500750134FCF728FE0A
:1050D000E8E7BDE8F041FFF70FBF000012F0030F53
:1050E0002DE9F04107460C4615461E4617D00E44E2
:1050F000B44202D10020BDE8F08129464FF400728D
:10510000F86B05F50075FCF70BFE0123FA6B2146E1
:105110003846FFF759FF0028EDD10134E8E7BDE834
:10512000F041FFF751BF000000207047302310B559
:1051300083F311880024436C40302146DC6301F086
:1051400031FB84F3118810BD02684368114301608C
:1051500003B1184770470000024A136843F0C003C8
:105160001360704700480040024A136843F0C003D0
:105170001360704700500040024A136843F0C003B8
:105180001360704700780040064BD3F8E8200243D4
:10519000C3F8E820D3F810211043C3F81001D3F866
:1051A000103170470044025837B5274C274D204630
:1051B00000F028FD04F11400009400234FF4007265
:1051C000234900F0C3F94FF40072224904F138007A
:1051D0000094214B00F03CFA204BC4E91735204CD9
:1051E000204600F00FFD04F11400009400234FF45A
:1051F00000721C4900F0AAF94FF400721A4904F138
:1052000038000094194B00F023FA194BC4E9173504
:10521000184C204600F0F6FC04F1140000234FF473
:1052200000721549009400F091F9144B4FF400728C
:10523000134904F13800009400F00AFA114BC4E954
:10524000173503B030BD00BF2039002000E1F5055F
:10525000643A002064400020595100080048004092
:105260008C390020643C0020644200206951000811
:1052700000500040F8390020643E002079510008B9
:10528000644400200078004038B5264D0446037C75
:10529000002918BF0D46012B06D1234B984230D16F
:1052A0004FF48020FFF770FF2A68236EE16D03EB57
:1052B0005203A566B3FBF2F36A68100442BF23F001
:1052C000070003F0070343EA4003CB60AB6843F0F9
:1052D00040034B60EB6843F001038B6042F496732C
:1052E00043F001030B604FF0FF330B62510505D50E
:1052F00012F0102211D0B2F1805F10D084F8643027
:1053000038BD0A4B984205D0094B9842CCD14FF09A
:105310008040C7E74FF48010C4E77F23EEE73F23C8
:10532000ECE700BF2C980008203900208C390020C1
:10533000F83900202DE9F047C66D05463768F46955
:10534000210734621AD014F0080118BF4FF480719D
:10535000E20748BF41F02001A3074FF0300348BFE8
:1053600041F04001600748BF41F0800183F311889C
:10537000281DFFF7E9FE002383F31188E2050AD513
:10538000302383F311884FF48061281DFFF7DCFE82
:10539000002383F311884FF030094FF0000A14F016
:1053A000200838D13B0616D54FF0300905F1380AF0
:1053B000200610D589F31188504600F07DF90028A9
:1053C00036DA0821281DFFF7BFFE27F0800333607F
:1053D000002383F31188790614D5620612D5302391
:1053E00083F31188D5E913239A4208D12B6C33B18A
:1053F00027F040071021281DFFF7A6FE3760002385
:1054000083F31188E30618D5AA6E1369ABB150690E
:10541000BDE8F047184789F31188736A284695F864
:105420006410194000F008FC8AF31188F469B6E7AB
:10543000B06288F31188F469BAE7BDE8F08700002C
:10544000090100F16043012203F56143C9B283F809
:10545000001300F01F039A4043099B0003F16043CF
:1054600003F56143C3F880211A60704700F01F0301
:1054700001229A40430900F160409B0000F5614021
:1054800003F1604303F56143C3F88020C3F8802132
:10549000002380F800337047F8B51546826804464B
:1054A0000B46AA4200D28568A1692669761AB542E0
:1054B0000BD218462A46FCF733FCA3692B44A361A0
:1054C0002846A3685B1BA360F8BD0CD9AF1B184628
:1054D0003246FCF725FC3A46E1683044FCF720FCF4
:1054E000E3683B44EBE718462A46FCF719FCE368FF
:1054F000E5E7000083689342F7B50446154600D2FD
:105500008568D4E90460361AB5420BD22A46FCF706
:1055100007FC63692B4463612846A3685B1BA36097
:1055200003B0F0BD0DD93246AF1B0191FCF7F8FB7B
:1055300001993A46E0683144FCF7F2FBE3683B44EA
:10554000E9E72A46FCF7ECFBE368E4E710B50A4418
:105550000024C361029B8460C16002610362C0E9F0
:105560000000C0E9051110BD08B5D0E9053293422D
:1055700001D1826882B98268013282605A1C42611C
:1055800019700021D0E904329A4224BFC3684361F4
:1055900001F022F9002008BD4FF0FF30FBE70000CA
:1055A00070B5302304460E4683F31188A568A5B173
:1055B000A368A269013BA360531CA361157822690B
:1055C000934224BFE368A361E3690BB12046984787
:1055D000002383F31188284607E03146204601F076
:1055E000EBF80028E2DA85F3118870BD2DE9F74F5A
:1055F00004460E4617469846D0F81C904FF0300AE5
:105600008AF311884FF0000B154665B12A463146E2
:105610002046FFF741FF034660B94146204601F0AE
:10562000CBF80028F1D0002383F31188781B03B056
:10563000BDE8F08FB9F1000F03D001902046C847B4
:10564000019B8BF31188ED1A1E448AF31188DCE765
:10565000C160C361009B82600362C0E9051111440F
:10566000C0E9000001617047F8B504460D461646D2
:10567000302383F31188A768A7B1A368013BA36017
:1056800063695A1C62611D70D4E904329A4224BFD6
:10569000E3686361E3690BB120469847002080F31B
:1056A000118807E03146204601F086F80028E2DA4A
:1056B00087F31188F8BD0000D0E9052310B59A42A0
:1056C00001D182687AB982680021013282605A1C55
:1056D00082611C7803699A4224BFC368836101F028
:1056E0007BF8204610BD4FF0FF30FBE72DE9F74F68
:1056F00004460E4617469846D0F81C904FF0300AE4
:105700008AF311884FF0000B154665B12A463146E1
:105710002046FFF7EFFE034660B94146204601F000
:105720004BF80028F1D0002383F31188781B03B0D5
:10573000BDE8F08FB9F1000F03D001902046C847B3
:10574000019B8BF31188ED1A1E448AF31188DCE764
:105750000379052B05BF836A002001204B6004BF3D
:105760004FF400730B60704770B55D1E866A044687
:105770000D44B54205D9436B43F0800343630120D8
:1057800070BD06250571FFF783FC05232371F7E73C
:1057900070B55D1E866A04460D44B54205D9436B5B
:1057A00043F080034363012070BD07250571FFF7B7
:1057B00095FC05232371F7E738B505790446052DD7
:1057C00005D108230371FFF7AFFC257138BD012017
:1057D000FCE700000323F0B5037185B00446FFF732
:1057E00049FA002220461146FFF78EFA4FF4D5728F
:1057F00003AB08212046FFF7A9FA0246B8B90123F6
:105800002363039BC3F30323012B09D103AB37218C
:105810002046FFF79BFA18B9A44B039A1340ABB18B
:1058200020460125FFF758FA0223237137E103AB25
:10583000002237212046FFF789FA28B99B4A039BAB
:105840001A40002A00F0A78002232363236B03F091
:105850000F03022B40F0A9806425954E42F2107090
:1058600000F086FF03AB324601212046FFF758FACD
:105870000028D5D1039B002B80F293805A0003D5DA
:10588000236B43F010032363002204F10803022179
:105890002046FFF7B9FA02460028C1D104F13803C7
:1058A00003212046FFF752FA0028B9D104F1180568
:1058B000A26B092120462B46FFF7A6FA0028AFD19C
:1058C00002ABA26B07212046FFF740FA06460028EC
:1058D000A6D1236B03F00F03022B40F08F807E22B2
:1058E0007F21284603F058F9012840F28780E76BB2
:1058F00042F2107000F03CFF08234FF4007239466A
:1059000020460096FFF79CFA002889D1384603F01C
:1059100091F9236BA06203F00F03022B72D103AB4A
:10592000644A06212046FFF711FA002871D15F4929
:10593000039B1940B1FA81F149092046FFF7ACF900
:1059400002AB4FF4007210212046FFF7FFF9054625
:1059500000287FF465AF554E029B33427FF460AF61
:10596000236B13F00E0F03F00F0273D0022A7FF4A3
:1059700057AFE36A1978012900F09480022900F0FA
:105980009380002900F089804B4F2046FFF7AAF949
:1059900003AB3A4676E0114620462263FFF7B4F99E
:1059A00054E7013D7FF45AAF3AE7444D6426444A38
:1059B0003E4F012B18BF154603AB0022372120466E
:1059C000FFF7C4F900287FF42BAF039B3B427FF421
:1059D00027AF03AB2A4629212046FFF7A1F900286B
:1059E0007FF41EAF039B002BFFF648AF013E3FF450
:1059F00017AF42F2107000F0BBFEDDE7284603F05F
:105A0000EDF886E77E227F212846E66B03F0C4F896
:105A100008B9002191E70023402231462046009337
:105A20000623FFF70DFA0028F3D1B3895BBA9B0771
:105A3000EFD5244B40223146204600930623FFF742
:105A4000FFF90028E5D1317C01F00F010F3918BFB3
:105A5000012172E7E36A1978F9B101297FF4E0AE18
:105A60002046FFF73FF903ABA26B37212046FFF733
:105A70006DF900287FF4D4AE039B33427FF4D0AE9F
:105A800003AB022206212046FFF760F900287FF4CD
:105A9000C7AE039B33427FF4C3AE05232371284670
:105AA00005B0F0BD084F70E7084F6EE708E0FFFD56
:105AB0000080FFC00001B9030000B7030080FF5061
:105AC00000001080F1FFFF800001B7030002B70360
:105AD00037B504460C4D01ABA26B0D212046FFF7F4
:105AE00035F978B9019B2B420BD1C3F34323042B27
:105AF00008D0053B022B04D84FF47A7000F038FE32
:105B0000E9E7012003B030BD08E0FFFD70B53023A8
:105B1000054683F3118803790024022B03D184F313
:105B20001188204670BD0423037184F31188022676
:105B3000FFF7CEFF04462846FFF7CEF82E71F0E7B8
:105B4000FFF722B8044B0360012303710023436372
:105B5000C0E90A33704700BF4498000810B53023ED
:105B6000044683F31188C162FFF728F8022300205E
:105B7000237180F3118810BD10B53023044683F3E0
:105B80001188FFF745F800230122E362227183F3B5
:105B9000118810BD026843681143016003B11847C2
:105BA000704700001430FFF721BD00004FF0FF33B5
:105BB0001430FFF71BBD00003830FFF797BD000021
:105BC0004FF0FF333830FFF791BD00001430FFF77E
:105BD000E7BC00004FF0FF311430FFF7E1BC0000DC
:105BE0003830FFF741BD00004FF0FF323830FFF78B
:105BF0003BBD0000012914BF6FF013000020704767
:105C0000FFF7D2BA044B036000234360C0E90233BC
:105C100001230374704700BF6898000810B5302353
:105C2000044683F31188FFF72FFB0223002023741F
:105C300080F3118810BD000038B5C36904460D46D5
:105C40001BB904210844FFF7A5FF294604F11400FD
:105C5000FFF78AFC002806DA201D4FF40061BDE83A
:105C60003840FFF797BF38BD0268436811430160B1
:105C700003B118477047000013B5406B00F580541E
:105C8000D4F8A4381A681178042914D1017C0229A7
:105C900011D11979012312898B4013420BD101A92B
:105CA0004C3002F0A7FED4F8A4480246019B2179AB
:105CB000206800F0DFF902B010BD0000143002F0DF
:105CC00029BE00004FF0FF33143002F023BE000065
:105CD0004C3002F0FBBE00004FF0FF334C3002F0BE
:105CE000F5BE0000143002F0F7BD00004FF0FF31A8
:105CF000143002F0F1BD00004C3002F0C7BE0000CD
:105D00004FF0FF324C3002F0C1BE0000002070475F
:105D100010B500F58054D4F8A4381A681178042915
:105D200017D1017C022914D15979012352898B4062
:105D300013420ED1143002F089FD024648B1D4F866
:105D4000A4484FF4407361792068BDE8104000F02A
:105D50007FB910BD406BFFF7DBBF0000704700004C
:105D60007FB5124B01250426044603600023057409
:105D700000F1840243602946C0E902330C4B0290D3
:105D8000143001934FF44073009602F03BFD094B31
:105D900004F69442294604F14C000294CDE90063D4
:105DA0004FF4407302F002FE04B070BD90980008FA
:105DB000555D0008795C00080A68302383F3118878
:105DC0000B790B3342F823004B79133342F823004D
:105DD0008B7913B10B3342F8230000F58053C3F8DD
:105DE000A41802230374002080F311887047000078
:105DF00038B5037F044613B190F85430ABB9012590
:105E0000201D0221FFF730FF04F114006FF00101A3
:105E1000257700F0EDFC04F14C0084F854506FF04D
:105E20000101BDE8384000F0E3BC38BD10B50121E8
:105E300004460430FFF718FF0023237784F854301A
:105E400010BD000038B504460025143002F0F2FC05
:105E500004F14C00257702F0C1FD201D84F8545058
:105E60000121FFF701FF2046BDE83840FFF750BF92
:105E700090F8803003F06003202B06D190F8812049
:105E80000023212A03D81F2A06D800207047222A7F
:105E9000FBD1C0E91D3303E0034A42670722826752
:105EA000C3670120704700BF4422002037B500F5CA
:105EB0008055D5F8A4381A68117804291AD1017CC4
:105EC000022917D11979012312898B40134211D16C
:105ED00000F14C04204602F041FE58B101A92046D1
:105EE00002F088FDD5F8A4480246019B217920687C
:105EF00000F0C0F803B030BD01F10B03F0B550F86D
:105F0000236085B004460D46FEB1302383F311882B
:105F100004EB8507301D0821FFF7A6FEFB6806F19C
:105F20004C005B691B681BB1019002F071FD019888
:105F300003A902F05FFD024648B1039B29462046B3
:105F400000F098F8002383F3118805B0F0BDFB68DA
:105F50005A691268002AF5D01B8A013B1340F1D11F
:105F600004F18002EAE70000133138B550F821400F
:105F7000ECB1302383F3118804F58053D3F8A428BF
:105F80001368527903EB8203DB689B695D6845B156
:105F900004216018FFF768FE294604F1140002F09E
:105FA0005FFC2046FFF7B4FE002383F3118838BD61
:105FB0007047000001F076BD01234022002110B59A
:105FC000044600F8303BFBF7D1FE0023C4E901335F
:105FD00010BD000010B53023044683F3118824223D
:105FE000416000210C30FBF7C1FE204601F07CFD32
:105FF00002230020237080F3118810BD70B500EBE0
:106000008103054650690E461446DA6018B1102225
:106010000021FBF7ABFEA06918B110220021FBF7AD
:10602000A5FE31462846BDE8704001F063BE000081
:1060300083682022002103F0011310B50446836019
:106040001030FBF793FE2046BDE8104001F0DEBEA5
:10605000F0B4012500EB810447898D40E4683D439D
:10606000A469458123600023A2606360F0BC01F055
:10607000FBBE0000F0B4012500EB810407898D40D0
:10608000E4683D436469058123600023A260636086
:10609000F0BC01F071BF000070B50223002504467A
:1060A000242203702946C0F888500C3040F8045C64
:1060B000FBF75CFE204684F8705001F0AFFD63688A
:1060C0001B6823B129462046BDE87040184770BDC3
:1060D0000378052B10B504460AD080F88C300523D0
:1060E000037043681B680BB1042198470023A36029
:1060F00010BD00000178052906D190F88C20436876
:1061000002701B6803B118477047000070B590F823
:106110007030044613B1002380F8703004F180021F
:10612000204601F097FE63689B68B3B994F880300D
:1061300013F0600535D00021204602F089F90021D6
:10614000204602F079F963681B6813B106212046E6
:106150009847062384F8703070BD20469847002881
:10616000E4D0B4F88630A26F9A4288BFA36794F94E
:106170008030A56F002B4FF0300380F20381002D9B
:1061800000F0F280092284F8702083F31188002146
:106190002046D4E91D23FFF76DFF002383F3118808
:1061A000DAE794F8812003F07F0343EA022340F208
:1061B0000232934200F0C58021D8B3F5807F48D0E9
:1061C0000DD8012B3FD0022B00F09380002BB2D1D1
:1061D00004F1880262670222A267E367C1E7B3F5B0
:1061E000817F00F09B80B3F5407FA4D194F882308A
:1061F000012BA0D1B4F8883043F0020332E0B3F5AC
:10620000006F4DD017D8B3F5A06F31D0A3F5C063A0
:10621000012B90D86368204694F882205E6894F839
:106220008310B4F88430B047002884D04368636793
:106230000368A3671AE0B3F5106F36D040F6024248
:1062400093427FF478AF5C4B63670223A36700231C
:10625000C3E794F88230012B7FF46DAFB4F8883037
:1062600023F00203A4F88830C4E91D55E56778E7F8
:10627000B4F88030B3F5A06F0ED194F88230204688
:1062800084F88A3001F028FD63681B6813B101218E
:1062900020469847032323700023C4E91D339CE75D
:1062A00004F18B0363670123C3E72378042B10D128
:1062B000302383F311882046FFF7BAFE85F3118857
:1062C0000321636884F88B5021701B680BB1204652
:1062D000984794F88230002BDED084F88B3004236A
:1062E000237063681B68002BD6D002212046984794
:1062F000D2E794F8843020461D0603F00F010AD53A
:1063000001F09AFD012804D002287FF414AF2B4B32
:106310009AE72B4B98E701F081FDF3E794F8823080
:10632000002B7FF408AF94F8843013F00F01B3D042
:106330001A06204602D502F0A3F8ADE702F094F861
:10634000AAE794F88230002B7FF4F5AE94F88430FD
:1063500013F00F01A0D01B06204602D502F078F8FA
:106360009AE702F069F897E7142284F8702083F323
:1063700011882B462A4629462046FFF769FE85F3F9
:106380001188E9E65DB1152284F8702083F3118845
:1063900000212046D4E91D23FFF75AFEFDE60B221B
:1063A00084F8702083F311882B462A46294620461C
:1063B000FFF760FEE3E700BFC0980008B898000848
:1063C000BC98000838B590F870300446002B3ED0D9
:1063D000063BDAB20F2A34D80F2B32D8DFE803F0AD
:1063E00037313108223231313131313131313737C2
:1063F000856FB0F886309D4214D2C3681B8AB5FB06
:10640000F3F203FB12556DB9302383F311882B4649
:106410002A462946FFF72EFE85F311880A2384F8C1
:1064200070300EE0142384F87030302383F3118829
:10643000002320461A461946FFF70AFE002383F37D
:10644000118838BDC36F03B198470023E7E70021E7
:10645000204601F0FDFF0021204601F0EDFF6368BA
:106460001B6813B10621204698470623D7E7000092
:1064700010B590F870300446142B29D017D8062B8D
:1064800005D001D81BB110BD093B022BFBD8002160
:10649000204601F0DDFF0021204601F0CDFF6368BA
:1064A0001B6813B1062120469847062319E0152BD7
:1064B000E9D10B2380F87030302383F31188002357
:1064C0001A461946FFF7D6FD002383F31188DAE751
:1064D000C3689B695B68002BD5D1C36F03B1984734
:1064E000002384F87030CEE70023826880F82430DF
:1064F00083691B6899689142FBD25A6803604260C5
:1065000010605860704700000023826880F82430D3
:1065100083691B6899689142FBD85A68036042609E
:10652000106058607047000008B50846302383F3B8
:10653000118891F82430032B05D0042B0DD02BB9F2
:1065400083F3118808BD8B6A00221A604FF0FF3375
:106550008362FFF7C9FF0023F2E7D1E9003213603D
:106560005A60F3E7034610B51B68984203D09C6855
:106570008A689442F8D25A680B604A601160596088
:1065800010BD0000FFF7B0BF38B50B4B1C68DD68CD
:1065900085F82400226853601A600122DC60A36839
:1065A00084F82420934201D101F042F92946204683
:1065B000BDE83840F9F726BF684600200C4B30B5DF
:1065C000DD684B1C87B004460FD02B46094A68464D
:1065D00000F0A2F92046FFF7D7FF009B13B16846F1
:1065E00000F0A4F9A86A07B030BDFFF7CDFFF9E7C6
:1065F0006846002029650008044B1A68DB6890682B
:106600009B68984294BF0020012070476846002094
:1066100038B50C4B1C68DD68226853601A60012293
:10662000DC6084F82420AB68934201D101F002F9C8
:106630002846FFF769FF01462046BDE83840F9F7D4
:10664000E1BE00BF68460020044B1A68DB68926810
:106650009B689A4201D9FFF7DBBF7047684600206C
:1066600038B50123084C00252370656002F010FB4B
:1066700002F036FB0549064802F00CFC02232370A9
:1066800085F3118838BD00BF10490020C898000864
:106690006846002000F080B9034A516853685B1ACD
:1066A0009842FBD8704700BF001000E08B604B633E
:1066B0000023CA6100F128020B6302230A618B8464
:1066C0000123886181F8263001F11003C26A4A6112
:1066D0001360C36201F12C030846CB6270470000CF
:1066E000D0E90131026841F8183CA1F19C03383926
:1066F000CB60036941F8243C436941F8203C034BDB
:1067000041F8043CC3680248FFF7D0BF1D040008ED
:106710006846002008B5FFF7E3FFBDE80840FFF733
:1067200031BF000038B50E4BDC6804F12C05A062C7
:10673000E06AA8420FD194F826303BB994F825308E
:106740009B0702BFD4E9043213605A600F20BDE8F2
:106750003840FFF719BF0368E362FFF713FFE7E76D
:1067600068460020302383F31188FFF7DBBF000069
:1067700008B50146302383F311880820FFF71EFF78
:10678000002383F3118808BD054BDB6821B103604A
:1067900098620320FFF712BF4FF0FF30704700BF31
:1067A0006846002003682BB10022026018469962F7
:1067B000FFF7E8BE70470000064BDB6839B142685E
:1067C00018605A60136043600420FFF7F7BE4FF073
:1067D000FF307047684600200368984206D01A6868
:1067E0000260506018469962FFF7CCBE7047000007
:1067F00038B504460D462068844200D138BD036890
:1068000023605C608562FFF7BDFEF4E7036810B5A6
:106810009C68A2420CD85C688A600B604C60216066
:10682000596099688A1A9A604FF0FF33836010BDEF
:10683000121B1B68ECE700000A2938BF0A2170B55B
:1068400004460D460A26601902F01CFA02F004FA0A
:10685000041BA54203D8751C04462E46F3E70A2EF6
:1068600004D90120BDE8704002F0DCBB70BD00001F
:10687000F8B5144B0D460A2A4FF00A07D96103F107
:106880001001826038BF0A22416019691446016014
:1068900048601861A81802F0E5F902F0DDF9431B21
:1068A0000646A34206D37C1C28192746354602F02B
:1068B000E9F9F2E70A2F04D90120BDE8F84002F017
:1068C000B1BBF8BD68460020F8B506460D4602F09B
:1068D000C3F90F4A134653F8107F9F4206D12A4648
:1068E00001463046BDE8F840FFF7C2BFD169BB683A
:1068F000441A2C1928BF2C46A34202D92946FFF777
:106900009BFF224631460348BDE8F840FFF77EBFB3
:106910006846002078460020C0E90323002310B415
:106920005DF8044B4361FFF7CFBF000010B5194C71
:10693000236998420DD08168D0E9003213605A6013
:106940009A680A449A60002303604FF0FF33A36102
:1069500010BD0268234643F8102F536000220260E6
:1069600022699A4203D1BDE8104002F085B99368CC
:1069700081680B44936002F06FF92269E1699268C3
:10698000441AA242E4D91144BDE81040091AFFF7A5
:1069900053BF00BF684600202DE9F047DFF8BC80F8
:1069A00008F110072C4ED8F8105002F055F9D8F81D
:1069B0001C40AA68031B9A423ED814444FF00009B9
:1069C000D5E90032C8F81C4013605A60C5F8009041
:1069D000D8F81030B34201D102F04EF989F3118892
:1069E000D5E9033128469847302383F311886B6932
:1069F000002BD8D002F030F96A69A0EB0409824676
:106A00004A450DD2022002F00DFB0022D8F81030CA
:106A1000B34208D151462846BDE8F047FFF728BFEA
:106A2000121A2244F2E712EB09092946384638BF08
:106A30004A46FFF7EBFEB5E7D8F81030B34208D06E
:106A40001444C8F81C00211AA960BDE8F047FFF7FC
:106A5000F3BEBDE8F08700BF7846002068460020FE
:106A600038B502F0F9F8054AD2E90845031B1819B0
:106A700045F10001C2E9080138BD00BF68460020A9
:106A800010B560B9074804790368053C9B6818BFD6
:106A90000124984708B144F00404204610BD0124A5
:106AA000FBE700BFC8360020FFF7EABF2DE9F0473B
:106AB000884617469A460446B0B90D4E3579052DDD
:106AC00005D003240DE0013D15F0FF050ED032681E
:106AD000534639463046D2F814904246C8470028FB
:106AE000F1D12046BDE8F0870424FAE70124F8E755
:106AF000C83600202DE9F047884617469A460446D6
:106B0000B0B90D4E3579052D05D003240DE0013DBA
:106B100015F0FF050ED03268534639463046D2F89C
:106B200018904246C8470028F1D12046BDE8F087BA
:106B30000424FAE70124F8E7C836002037B50C46EC
:106B4000154670B951B101290BD107486946036850
:106B50001B6A984710B9019B04462B60204603B07E
:106B600030BD0424FAE700BFC8360020002070477B
:106B7000FEE70000704700004FF0FF307047000054
:106B80004B6843608B688360CB68C3600B6943616B
:106B90004B6903628B6943620B68036070470000B6
:106BA00008B53C4B40F2FF713B48D3F888200A43BC
:106BB000C3F88820D3F8882022F4FF6222F007026D
:106BC000C3F88820D3F88820D3F8E0200A43C3F81C
:106BD000E020D3F808210A43C3F808212F4AD3F84C
:106BE00008311146FFF7CCFF00F5806002F11C016F
:106BF000FFF7C6FF00F5806002F13801FFF7C0FF24
:106C000000F5806002F15401FFF7BAFF00F58060E3
:106C100002F17001FFF7B4FF00F5806002F18C0112
:106C2000FFF7AEFF00F5806002F1A801FFF7A8FFB3
:106C300000F5806002F1C401FFF7A2FF00F580605B
:106C400002F1E001FFF79CFF00F5806002F1FC011A
:106C5000FFF796FF02F58C7100F58060FFF790FF5B
:106C600001F0A6FC0E4BD3F8902242F00102C3F8CB
:106C70009022D3F8942242F00102C3F89422052214
:106C8000C3F898204FF06052C3F89C20054AC3F81F
:106C9000A02008BD0044025800000258DC980008FB
:106CA00000ED00E01F00080308B501F097FDFFF7B5
:106CB000D7FC104BD3F8DC2042F04002C3F8DC20B4
:106CC000D3F8042122F04002C3F80421D3F80431A0
:106CD000094B1A6842F008021A601A6842F004026E
:106CE0001A6000F08FFD00F041FBBDE8084000F0A5
:106CF000B5B800BF00440258001802480120704790
:106D0000002070477047000002290CD0032904D0EE
:106D10000129074818BF00207047032A05D80548F5
:106D200000EBC2007047044870470020704700BF66
:106D3000DC9A000854220020909A000870B59AB09E
:106D400005460846144601A900F0C2F801A8FBF761
:106D500005F8431C0022C6B25B001046C5E90034AA
:106D600023700323023404F8013C01ABD1B2023496
:106D70008E4201D81AB070BD13F8011B013204F81D
:106D8000010C04F8021CF1E708B5302383F31188E5
:106D90000348FFF78BF8002383F3118808BD00BF79
:106DA0001849002090F8803003F01F02012A07D113
:106DB00090F881200B2A03D10023C0E91D3315E090
:106DC00003F06003202B08D1B0F884302BB990F881
:106DD0008120212A03D81F2A04D8FFF749B8222A84
:106DE000EBD0FAE7034A426707228267C3670120B4
:106DF000704700BF4B22002007B5052917D8DFE8F0
:106E000001F0191603191920302383F31188104A51
:106E100001210190FFF7F2F8019802210D4AFFF7D6
:106E2000EDF80D48FFF70EF8002383F3118803B047
:106E30005DF804FB302383F311880748FEF7D8FF81
:106E4000F2E7302383F311880348FEF7EFFFEBE707
:106E5000309A0008549A00081849002038B50C4DA3
:106E60000C4C2A460C4904F10800FFF767FF05F1B6
:106E7000CA0204F110000949FFF760FF05F5CA7264
:106E800004F118000649BDE83840FFF757BF00BFBE
:106E9000F061002054220020109A00081A9A00087D
:106EA000259A000870B5044608460D46FAF756FFC5
:106EB000C6B22046013403780BB9184670BD32467D
:106EC0002946FAF737FF0028F3D10120F6E7000042
:106ED0002DE9F84F05460C46FAF740FF2C49C6B29B
:106EE0002846FFF7DFFF08B10236F6B229492846E7
:106EF000FFF7D8FF08B11036F6B2632E0DD8DFF8D1
:106F00009080DFF89090244FDFF894A0DFF894B0E1
:106F10002E7846B92670BDE8F88F29462046BDE890
:106F2000F84F02F01DB9252E2ED1072241462846E2
:106F3000FAF700FF70B9DBF800300735093444F880
:106F4000093CDBF8043044F8053C9BF8083004F8B1
:106F5000013CDDE7082249462846FAF7EBFE98B9DE
:106F6000A21C0E4B197802320909C95D02F8041CF3
:106F700013F8011B01F00F015345C95D02F8031C12
:106F8000F0D118340835C3E7013504F8016BBFE7C9
:106F9000FC9A0008259A00080E9B000800E8F11FE3
:106FA0000CE8F11F049B0008BFF34F8F044B1A69D4
:106FB0005107FCD1D3F810215207F8D1704700BF18
:106FC0000020005208B50D4B1B78ABB9FFF7ECFF62
:106FD0000B4BDA68D10704D50A4A5A6002F18832AD
:106FE0005A60D3F80C21D20706D5064AC3F804210B
:106FF00002F18832C3F8042108BD00BF4E640020AE
:10700000002000522301674508B5114B1B78F3B9E6
:10701000104B1A69510703D5DA6842F04002DA6072
:10702000D3F81021520705D5D3F80C2142F04002C5
:10703000C3F80C21FFF7B8FF064BDA6842F00102F3
:10704000DA60D3F80C2142F00102C3F80C2108BD2C
:107050004E640020002000520F289ABF00F5806087
:1070600040040020704700004FF4003070470000DB
:10707000102070470F2808B50BD8FFF7EDFF00F57B
:1070800000330268013204D104308342F9D1012077
:1070900008BD0020FCE700000F2838B505463FD8A2
:1070A000FFF782FF1F4CFFF78DFF4FF0FF330728DC
:1070B0006361C4F814311DD82361FFF775FF030223
:1070C00043F02403E360E36843F08003E360236953
:1070D0005A07FCD42846FFF767FFFFF7BDFF4FF4C0
:1070E000003100F0BFFA2846FFF78EFFBDE83840B8
:1070F000FFF7C0BFC4F81031FFF756FFA0F1080337
:107100001B0243F02403C4F80C31D4F80C3143F0D3
:107110008003C4F80C31D4F810315B07FBD4D9E7F5
:10712000002038BD002000522DE9F84F04460D46DE
:10713000104644EA0203DE0602D00020BDE8F88FC4
:1071400020F01F00DFF8D4B0DFF8D4A0FFF73AFF3B
:1071500005EB0008454503D10120FFF755FFEDE79A
:1071600020222946204601F0C3FF10B920342035E3
:10717000F0E7234604F120021F68791CDDD10433B7
:107180009342F9D104F178432048214EB3F5801F92
:10719000204B38BF184603F1F80332BFD946D14619
:1071A0001E46FFF701FF0760A4EB050C336805F1ED
:1071B0001C0143F0020333602B1FD9F8007017F055
:1071C0000507FAD153F8042F8B424CF80320F4D171
:1071D000BFF34F8FFFF7E8FE4FF0FF3303603368D4
:1071E00023F002033360BFF34F8F0B4BC3F85C42B5
:1071F000BFF34F8FBFF36F8F20222946204601F047
:1072000077FF0028B2D03846A7E700BF142100520C
:107210000C2000521420005200ED00E0102000521B
:107220001021005210B5084C237828B11BB9FFF784
:10723000C9FE0123237010BD002BFCD02070BDE8D7
:107240001040FFF7E1BE00BF4E6400202DE9F04F73
:107250000D4685B0814658B111F00D0614BF2022AD
:10726000082211F00803019304D0431E034269D0A1
:10727000002435E0002E37D009F11F0121F01F094D
:107280004FF00108314F05F00403DFF8CCA005EA08
:10729000080BBBF1000F32D07869C0072FD408F17A
:1072A00001080C37B8F1060FF3D19EB9284D4946B5
:1072B000A819019201F036FD0446002839D1203684
:1072C000019AA02EF3D1494601F02CFD0446002876
:1072D0002FD1019A49461F4801F024FD044660BBA6
:1072E000204605B0BDE8F08F0029C9D101462846E7
:1072F000029201F017FD0446D8B9029AC0E713B113
:1073000078694107CBD5AC0702D578698007C6D527
:10731000019911B178690107C1D549460AEB4810B6
:10732000CDE9022301F0FEFC0446DDE9022300283A
:10733000B5D04A460021204601E04A460021FAF72E
:1073400015FDCDE70246002E96D199E7209B000857
:107350009064002050640020706400200021FFF73A
:1073600075BF00000121FFF771BF000000231A461E
:1073700070B51A600433B3F5806FFAD1104D012453
:10738000104E06EB441001342A6955F80C1F01F029
:10739000B5FC062CF5D137254FF4C0542046FFF735
:1073A000E1FF014628B122460748BDE8704001F0E0
:1073B000A5BCC4EBC404013D4FEAD404EED170BDBA
:1073C000209B000870640020506400200421FFF717
:1073D0003DBF00004843FFF7C1BF000008B101F006
:1073E00013BD7047B0F5805F10B5044607D8FFF7AE
:1073F000EDFF28B92046BDE81040FFF7AFBF0020E1
:1074000010BD0000FFF7EABF70B5AAB140EA010362
:1074100013F01F030FD1094C0144A5686D0706D571
:107420002568A84203D366683544A94204D90333CA
:107430000C34122BF1D10022104670BD209B0008A5
:1074400008B501F0F7FD034AD2E90032C01842EB5B
:10745000010108BD30650020434BD3E900232DE92D
:10746000F34113437CD0FFF7EBFF404A0023002792
:10747000F8F7E2FF06460D463D4A0023F8F7DCFF29
:107480000023144630462946394AF8F7D5FF4FF411
:1074900061613C23ADF80170B4FBF1F5B4FBF3F688
:1074A00001FB154103FB16464624B1FBF3F1314BBA
:1074B000F6B28DF8004098423CD84FF0640C4FF47F
:1074C000C87EA30704F26C7225D1B2FBFCF30CFB5F
:1074D000132313BBB2FBFEF30EFB1322B2FA82F3AB
:1074E0005B0903F26D18621C8045D2B217D90FB147
:1074F0008DF800400022204C4FF00C0C17460CFB7E
:107500000343D4B2013213F804C084450CD8A0EB75
:107510000C000127F5E70023E3E70123E1E7A0EBF7
:10752000080014460127CCE70FB18DF80140431C39
:107530008DF802309DF80100431C9DF80000503882
:10754000400640EA43509DF8023040EA034040EADA
:10755000560040EAC52040EA411002B0BDE8F08183
:107560004FF40410F9E700BF3065002040420F00DF
:107570008051010090230B00689B00080244074BD8
:10758000D2B210B5904200D110BD441C00B253F8E5
:10759000200041F8040BE0B2F4E700BF504000586F
:1075A0000E4B30B51C6F240405D41C6F1C671C6F78
:1075B00044F400441C670A4C02442368D2B243F4EA
:1075C00080732360074B904200D130BD441C51F8BA
:1075D000045B00B243F82050E0B2F4E700440258E4
:1075E000004802585040005807B5012201A9002068
:1075F000FFF7C4FF019803B05DF804FB13B5044620
:10760000FFF7F2FFA04205D0012201A9002001945A
:10761000FFF7C6FF02B010BD10B56424013C4FF463
:107620007A70FFF7A5F814F0FF04F7D10C4B4FF474
:10763000801214249A61A3F580634FF08052A3F561
:107640004063C3F8182C4FF400529A61013C4FF488
:107650007A70FFF78DF814F0FF04F7D110BD00BF6A
:10766000001802580144BFF34F8F064B884204D3E1
:10767000BFF34F8FBFF36F8F7047C3F85C022030AA
:10768000F4E700BF00ED00E00144BFF34F8F064B6D
:10769000884204D3BFF34F8FBFF36F8F7047C3F897
:1076A00070022030F4E700BF00ED00E070B5054641
:1076B00016460C4601201021FFF78CFE2860467309
:1076C0003CB1204636B1FFF781FE2B68186000B14F
:1076D0009C6070BDFFF746FEF7E70000F8B50F4667
:1076E0001546044648B905F11F010126386821F006
:1076F0001F01FFF7B7FF3046F8BD427B29463868C7
:10770000FFF782FE06460028EDD13B686360A36860
:10771000AB4210D213B12068FFF760FE637B2846AE
:107720002BB1FFF753FE206020B9A060E3E7FFF71D
:1077300019FEF8E7A560206805F11F01012621F078
:107740001F013860FFF78EFF2673D4E770B50E4631
:1077500002F11F010446154621F01F013046FFF7D4
:1077600093FF4CB12168B14206D1606810B12A463E
:10777000FAF7D6FA0023237370BD0000F8B50F4660
:107780001446054648B904F11F010126386821F066
:107790001F01FFF779FF3046F8BD427B214638686C
:1077A000FFF732FE06460028EDD1AB68A34210D2A7
:1077B00013B12868FFF712FE6B7B20462BB1FFF751
:1077C00005FE286020B9A860E5E7FFF7CBFDF8E7E4
:1077D000AC60396819B122462868FAF7A1FA28681E
:1077E00004F11F01012621F01F013860FFF74CFF53
:1077F0002E73D0E720B103688B4204BF00230373CC
:1078000070470000034B1A681AB9034AD2F8D02413
:107810001A607047386500200040025808B5FFF72D
:10782000F1FF024B1868C0F3806008BD3865002086
:107830007047000070470000EFF309830549683383
:107840004A6B22F001024A6383F30988002383F321
:107850001188704700EF00E0302080F3118862B695
:107860000D4B0E4AD96821F4E0610904090C0A4362
:107870000B49DA60D3F8FC2042F08072C3F8FC2098
:10788000084AC2F8B01F116841F0010111602022BE
:10789000DA7783F82200704700ED00E00003FA0574
:1078A00055CEACC5001000E0302310B583F311882D
:1078B0000E4B5B6813F4006314D0F1EE103AEFF353
:1078C00009844FF08073683CE361094BDB6B2366EE
:1078D00084F30988FEF790FE10B1064BA36110BD3A
:1078E000054BFBE783F31188F9E700BF00ED00E0EB
:1078F00000EF00E02F0400083204000870B5BFF369
:107900004F8FBFF36F8F1A4A0021C2F85012BFF396
:107910004F8FBFF36F8F536943F400335361BFF34D
:107920004F8FBFF36F8FC2F88410BFF34F8FD2F821
:10793000803043F6E074C3F3C900C3F34E335B01F8
:1079400003EA0406014646EA81750139C2F860522D
:10795000F9D2203B13F1200FF2D1BFF34F8F5369BF
:1079600043F480335361BFF34F8FBFF36F8F70BD0C
:1079700000ED00E0FEE70000214B2248224A70B5EE
:10798000904237D3214BC11EDA1C121A22F0030297
:107990008B4238BF00220021FAF7E8F91C4A002385
:1079A000C2F88430BFF34F8FD2F8803043F6E074D2
:1079B000C3F3C900C3F34E335B0103EA0406014677
:1079C00046EA81750139C2F86C52F9D2203B13F1B5
:1079D000200FF2D1BFF34F8FBFF36F8FBFF34F8FE5
:1079E000BFF36F8F0023C2F85032BFF34F8FBFF346
:1079F0006F8F70BD53F8041B40F8041BC0E700BF35
:107A00006C9C0008B4660020B4660020B4660020B8
:107A100000ED00E0074BD3F8D81021EA0001C3F8CD
:107A2000D810D3F8002122EA0002C3F80021D3F8CD
:107A3000003170470044025870B5D0E92443002259
:107A40004FF0FF359E6804EB42135101D3F8000953
:107A5000002805DAD3F8000940F08040C3F8000997
:107A6000D3F8000B002805DAD3F8000B40F0804073
:107A7000C3F8000B013263189642C3F80859C3F8E3
:107A8000085BE0D24FF00113C4F81C3870BD000051
:107A9000890141F02001016103699B06FCD4122099
:107AA000FEF7FABD10B50A4C2046FEF785FA094BE1
:107AB000C4F89030084BC4F89430084C2046FEF7C8
:107AC0007BFA074BC4F89030064BC4F8943010BDD5
:107AD0003C65002000000840A49B0008D8650020F9
:107AE00000000440B09B000870B503780546012BE8
:107AF0005CD1434BD0F89040984258D1414B0E2175
:107B00006520D3F8D82042F00062C3F8D820D3F81B
:107B1000002142F00062C3F80021D3F80021D3F81D
:107B2000802042F00062C3F88020D3F8802022F049
:107B30000062C3F88020D3F88030FDF781FC324B1F
:107B4000E360324BC4F800380023D5F89060C4F8E5
:107B5000003EC02323604FF40413A3633369002B5A
:107B6000FCDA01230C203361FEF796FD3369DB0755
:107B7000FCD41220FEF790FD3369002BFCDA0026BE
:107B80002846A660FFF758FF6B68C4F81068DB68EA
:107B9000C4F81468C4F81C6883BB1D4BA3614FF084
:107BA000FF336361A36843F00103A36070BD194B09
:107BB0009842C9D1134B4FF08060D3F8D82042F0DF
:107BC0000072C3F8D820D3F8002142F00072C3F845
:107BD0000021D3F80021D3F8802042F00072C3F8CE
:107BE0008020D3F8802022F00072C3F88020D3F8E0
:107BF0008030FFF70FFF0E214D209EE7064BCDE7AB
:107C00003C6500200044025840140040030020025C
:107C1000003C30C0D8650020083C30C0F8B5D0F832
:107C20009040054600214FF000662046FFF730FFE8
:107C3000D5F8941000234FF001128F684FF0FF30F9
:107C4000C4F83438C4F81C2804EB431201339F42B3
:107C5000C2F80069C2F8006BC2F80809C2F8080B44
:107C6000F2D20B68D5F89020C5F8983063621023E3
:107C70001361166916F01006FBD11220FEF70CFDF9
:107C8000D4F8003823F4FE63C4F80038A36943F441
:107C9000402343F01003A3610923C4F81038C4F84B
:107CA00014380B4BEB604FF0C043C4F8103B094B4A
:107CB000C4F8003BC4F81069C4F80039D5F898300E
:107CC00003F1100243F48013C5F89820A362F8BDB5
:107CD000809B000840800010D0F8902090F88A1017
:107CE000D2F8003823F4FE6343EA0113C2F80038E7
:107CF000704700002DE9F84300EB8103D0F8905065
:107D00000C468046DA680FFA81F94801166806F0D9
:107D10000306731E022B05EB41134FF0000194BFC5
:107D2000B604384EC3F8101B4FF0010104F11003E4
:107D300098BF06F1805601FA03F3916998BF06F5E2
:107D4000004600293AD0578A04F1580137434901C7
:107D50006F50D5F81C180B430021C5F81C382B18A0
:107D60000127C3F81019A7405369611E9BB3138AFA
:107D7000928B9B08012A88BF5343D8F89820981803
:107D800042EA034301F140022146C8F89800284620
:107D900005EB82025360FFF77BFE08EB8900C368A6
:107DA0001B8A43EA845348341E4364012E51D5F89C
:107DB0001C381F43C5F81C78BDE8F88305EB49174C
:107DC000D7F8001B21F40041C7F8001BD5F81C1898
:107DD00021EA0303C0E704F13F030B4A284621468A
:107DE00005EB83035A60FFF753FE05EB4910D0F80B
:107DF000003923F40043C0F80039D5F81C3823EAD1
:107E00000707D7E70080001000040002D0F8942094
:107E10001268C0F89820FFF70FBE00005831D0F864
:107E2000903049015B5813F4004004D013F4001F54
:107E30000CBF0220012070474831D0F89030490132
:107E40005B5813F4004004D013F4001F0CBF022051
:107E50000120704700EB8101CB68196A0B68136041
:107E60004B6853607047000000EB810330B5DD685C
:107E7000AA691368D36019B9402B84BF40231360EB
:107E80006B8A1468D0F890201C4402EB4110013C2E
:107E900009B2B4FBF3F46343033323F0030343EA6F
:107EA000C44343F0C043C0F8103B2B6803F0030306
:107EB000012B0ED1D2F8083802EB411013F4807F69
:107EC000D0F8003B14BF43F0805343F00053C0F898
:107ED000003B02EB4112D2F8003B43F00443C2F8EE
:107EE000003B30BD2DE9F041D0F8906005460C46CE
:107EF00006EB4113D3F8087B3A07C3F8087B08D593
:107F0000D6F814381B0704D500EB8103DB685B68E7
:107F10009847FA071FD5D6F81438DB071BD505EBB1
:107F20008403D968CCB98B69488A5A68B2FBF0F6E9
:107F300000FB16228AB91868DA6890420DD2121A2C
:107F4000C3E90024302383F3118821462846FFF734
:107F50008BFF84F31188BDE8F081012303FA04F25A
:107F60006B8923EA02036B81CB68002BF3D0214697
:107F70002846BDE8F041184700EB81034A0170B57F
:107F8000DD68D0F890306C692668E66056BB1A440C
:107F90004FF40020C2F810092A6802F00302012AF7
:107FA0000AB20ED1D3F8080803EB421410F4807F14
:107FB000D4F8000914BF40F0805040F00050C4F8DD
:107FC000000903EB4212D2F8000940F00440C2F865
:107FD00000090122D3F8340802FA01F10143C3F881
:107FE000341870BD19B9402E84BF4020206020682D
:107FF0001A442E8A8419013CB4FBF6F440EAC440CA
:1080000040F00050C6E700002DE9F843D0F890603A
:1080100005460C464F0106EB4113D3F8088918F0CA
:10802000010FC3F808891CD0D6F81038DB0718D523
:1080300000EB8103D3F80CC0DCF81430D3F800E077
:10804000DA68964530D2A2EB0E024FF000091A60B2
:10805000C3F80490302383F31188FFF78DFF89F371
:10806000118818F0800F1DD0D6F834380126A640AC
:10807000334217D005EB84030134D5F89050D3F880
:108080000CC0E4B22F44DCF8142005EB0434D2F821
:1080900000E05168714514D3D5F8343823EA060658
:1080A000C5F83468BDE8F883012303FA01F20389B7
:1080B00023EA02030381DCF80830002BD1D0984773
:1080C000CFE7AEEB0103BCF81000834228BF0346A4
:1080D000D7F8180980B2B3EB800FE3D89068A0F10D
:1080E000040959F8048FC4F80080A0EB09089844EB
:1080F000B8F1040FF5D818440B4490605360C8E7FA
:108100002DE9F84FD0F8905004466E69AB691E40D7
:1081100016F480586E6103D0BDE8F84FFDF7BCBF80
:10812000002E12DAD5F8003E9B0705D0D5F8003EA8
:1081300023F00303C5F8003ED5F80438204623F0A9
:108140000103C5F80438FDF7D5FF370505D52046EE
:10815000FFF772FC2046FDF7BBFFB0040CD5D5F845
:10816000083813F0060FEB6823F470530CBF43F488
:10817000105343F4A053EB6031071BD56368DB68F1
:108180001BB9AB6923F00803AB612378052B0CD135
:10819000D5F8003E9A0705D0D5F8003E23F003033A
:1081A000C5F8003E2046FDF7A5FF6368DB680BB10C
:1081B00020469847F30200F1BA80B70226D5D4F8DA
:1081C000909000274FF0010A09EB4712D2F8003BCC
:1081D00003F44023B3F5802F11D1D2F8003B002BDC
:1081E0000DDA62890AFA07F322EA0303638104EBDA
:1081F0008703DB68DB6813B13946204698470137AF
:10820000D4F89430FFB29B689F42DDD9F00619D5AF
:10821000D4F89000026AC2F30A1702F00F0302F4C6
:10822000F012B2F5802F00F0CA80B2F5402F09D1CC
:1082300004EB8303002200F58050DB681B6A974241
:1082400040F0B0803003D5F8185835D5E90303D590
:1082500000212046FFF746FEAA0303D50121204650
:10826000FFF740FE6B0303D502212046FFF73AFEDD
:108270002F0303D503212046FFF734FEE80203D580
:1082800004212046FFF72EFEA90203D50521204632
:10829000FFF728FE6A0203D506212046FFF722FEDB
:1082A0002B0203D507212046FFF71CFEEF0103D563
:1082B00008212046FFF716FE700340F1A780E9076A
:1082C00003D500212046FFF79FFEAA0703D5012111
:1082D0002046FFF799FE6B0703D502212046FFF7E2
:1082E00093FE2F0703D503212046FFF78DFEEE06F0
:1082F00003D504212046FFF787FEA80603D50521F4
:108300002046FFF781FE690603D506212046FFF7C8
:108310007BFE2A0603D507212046FFF775FEEB05F5
:1083200074D520460821BDE8F84FFFF76DBED4F89C
:1083300090904FF0000B4FF0010AD4F894305FFAA0
:108340008BF79B689F423FF638AF09EB4713D3F892
:10835000002902F44022B2F5802F20D1D3F8002961
:10836000002A1CDAD3F8002942F09042C3F8002911
:10837000D3F80029002AFBDB3946D4F89000FFF738
:1083800087FB22890AFA07F322EA0303238104EB1D
:108390008703DB689B6813B13946204698470BF189
:1083A000010BCAE7910701D1D0F80080072A02F13A
:1083B00001029CBF03F8018B4FEA18283FE704EB4A
:1083C000830300F58050DA68D2F818C0DCF8082082
:1083D000DCE9001CA1EB0C0C00218F4208D1DB680A
:1083E0009B699A683A449A605A683A445A6029E705
:1083F00011F0030F01D1D0F800808C4501F101018B
:1084000084BF02F8018B4FEA1828E6E7BDE8F88F31
:1084100008B50348FFF774FEBDE80840FFF744BA0B
:108420003C65002008B50348FFF76AFEBDE8084038
:10843000FFF73ABAD8650020D0F8903003EB41112D
:10844000D1F8003B43F40013C1F8003B7047000033
:10845000D0F8903003EB4111D1F8003943F4001308
:10846000C1F8003970470000D0F8903003EB41119B
:10847000D1F8003B23F40013C1F8003B7047000023
:10848000D0F8903003EB4111D1F8003923F40013F8
:10849000C1F8003970470000064BD3F8DC200243D6
:1084A000C3F8DC20D3F804211043C3F80401D3F847
:1084B000043170470044025808B53C4B4FF0FF317F
:1084C000D3F8802062F00042C3F88020D3F88020E7
:1084D00002F00042C3F88020D3F88020D3F8842033
:1084E000C3F88410D3F884200022C3F88420D3F882
:1084F0008400D86F40F0FF4040F4FF0040F4DF40BC
:1085000040F07F00D867D86F20F0FF4020F4FF00D4
:1085100020F4DF4020F07F00D867D86FD3F88800C0
:108520006FEA40506FEA5050C3F88800D3F88800D3
:10853000C0F30A00C3F88800D3F88800D3F890008D
:10854000C3F89010D3F89000C3F89020D3F89000AF
:10855000D3F89400C3F89410D3F89400C3F894208F
:10856000D3F89400D3F89800C3F89810D3F8980083
:10857000C3F89820D3F89800D3F88C00C3F88C1077
:10858000D3F88C00C3F88C20D3F88C00D3F89C006F
:10859000C3F89C10D3F89C10C3F89C20D3F89C30EF
:1085A000FCF7EEF9BDE8084000F0FCB800440258C2
:1085B00008B50122534BC3F80821534BD3F8F420DC
:1085C00042F00202C3F8F420D3F81C2142F0020268
:1085D000C3F81C210222D3F81C314C4BDA605A68D4
:1085E0009104FCD54A4A1A6001229A60494ADA602D
:1085F00000221A614FF440429A61444B9A699204F6
:10860000FCD51A6842F480721A603F4B1A6F12F45C
:10861000407F04D04FF480321A6700221A671A682C
:1086200042F001021A60384B1A685007FCD500224C
:108630001A611A6912F03802FBD1012119604FF05A
:10864000804159605A67344ADA62344A1A611A68BA
:1086500042F480321A602C4B1A689103FCD51A68D8
:1086600042F480521A601A689204FCD52C4A2D49B3
:108670009A6200225A63196301F57C01DA6301F200
:10868000E71199635A64284A1A64284ADA621A6818
:1086900042F0A8521A601C4B1A6802F02852B2F13C
:1086A000285FF9D148229A614FF48862DA6140224A
:1086B0001A621F4ADA641F4A1A651F4A5A651F4A1E
:1086C0009A6532231E4A1360136803F00F03022BCE
:1086D000FAD10D4A136943F003031361136903F0E0
:1086E0003803182BFAD14FF00050FFF7D5FE4FF0AA
:1086F0008040FFF7D1FE4FF00040BDE80840FFF793
:10870000CBBE00BF00800051004402580048025810
:1087100000C000F0020000010000FF010088900886
:108720002220400063020901470E0508DD0BBF014E
:1087300020000020000001100910E00000010110DD
:108740000020005208B50348FCF7F0FCBDE80840E3
:10875000FFF7AAB8C836002008B50348FCF7EAFDC1
:10876000BDE80840FFF7A0B82039002008B503484D
:10877000FCF7E0FDBDE80840FFF796B88C39002013
:1087800008B50348FCF7D6FDBDE80840FFF78CB8F4
:10879000F839002008B500F095FCBDE80840FFF767
:1087A00083B8000008B509217A20FCF749FE0921A9
:1087B0007C20FCF745FE07213220FCF741FE0C210E
:1087C0002720FCF73DFE0C213520FCF739FE0C215B
:1087D0005220BDE80840FCF733BE000008B5FFF7A3
:1087E0006BFE00F043FCFDF70BFAFDF7A9F9FDF76E
:1087F000E1FBFDF7B3FAFEF785FABDE8084000F0AB
:1088000029BA000030B50433039C0172002104FB37
:108810000325C160C0E90653049B0363059BC0E9BF
:108820000000C0E90422C0E90842C0E90A1143631C
:1088300030BD00000022416AC260C0E90411C0E9F5
:108840000A226FF00101FDF7D3BF0000D0E9043226
:10885000934201D1C2680AB9181D704700207047C1
:10886000036919600021C2680132C260C269134401
:1088700082699342036124BF436A0361FDF7ACBF81
:1088800038B504460D46E3683BB162690020131D0C
:108890001268A3621344E36207E0237A33B92946DE
:1088A0002046FDF789FF0028EDDA38BD6FF00100A2
:1088B000FBE70000C368C269013BC360436913441E
:1088C00082699342436124BF436A43610023836208
:1088D000036B03B11847704770B53023044683F328
:1088E0001188866A3EB9FFF7CBFF054618B186F3BB
:1088F0001188284670BDA36AE26A13F8015B9342AF
:10890000A36202D32046FFF7D5FF002383F311882B
:10891000EFE700002DE9F84F04460E46174698464B
:108920004FF0300989F311880025AA46D4F828B001
:10893000BBF1000F09D141462046FFF7A1FF20B14E
:108940008BF311882846BDE8F88FD4E90A12A7EB0B
:10895000050B521A934528BF9346BBF1400F1BD914
:10896000334601F1400251F8040B914243F8040BE5
:10897000F9D1A36A403640354033A362D4E90A23D3
:108980009A4202D32046FFF795FF8AF31188BD4231
:10899000D8D289F31188C9E730465A46F9F7C0F9A9
:1089A000A36A5E445D445B44A362E7E710B5029CA2
:1089B0000433017203FB0421C460C0E906130023E1
:1089C000C0E90A33039B0363049BC0E90000C0E9CC
:1089D0000422C0E90842436310BD0000026A6FF040
:1089E0000101C260426AC0E904220022C0E90A22F1
:1089F000FDF7FEBED0E904239A4201D1C26822B934
:108A0000184650F8043B0B60704700231846FAE7FD
:108A1000C3680021C2690133C3604369134482699A
:108A20009342436124BF436A4361FDF7D5BE000012
:108A300038B504460D46E3683BB1236900201A1D92
:108A4000A262E2691344E36207E0237A33B929465C
:108A50002046FDF7B1FE0028EDDA38BD6FF00100C9
:108A6000FBE7000003691960C268013AC260C2698D
:108A7000134482699342036124BF436A0361002364
:108A80008362036B03B118477047000070B5302351
:108A90000D460446114683F31188866A2EB9FFF706
:108AA000C7FF10B186F3118870BDA36A1D70A36A59
:108AB000E26A01339342A36204D3E1692046043998
:108AC000FFF7D0FF002080F31188EDE72DE9F84F84
:108AD00004460D46904699464FF0300A8AF31188B5
:108AE0000026B346A76A4FB949462046FFF7A0FFC4
:108AF00020B187F311883046BDE8F88FD4E90A0722
:108B00003A1AA8EB0607974228BF1746402F1BD9F1
:108B100005F1400355F8042B9D4240F8042BF9D190
:108B2000A36A40364033A362D4E90A239A4204D3AD
:108B3000E16920460439FFF795FF8BF3118846451C
:108B4000D9D28AF31188CDE729463A46F9F7E8F8F1
:108B5000A36A3D443E443B44A362E5E7D0E90423D5
:108B60009A4217D1C3689BB1836A8BB1043B9B1AAD
:108B70000ED01360C368013BC360C3691A448369A4
:108B80009A42026124BF436A036100238362012386
:108B9000184670470023FBE701F01F03F0B502F011
:108BA0001F0456095A1C0123B6EB511F50F82650DA
:108BB00003FA02F34FEA511703F1FF333DBF50F8B8
:108BC0002720C4F12000134003EA05003BBF03FA4D
:108BD00000F225FA04F0E0401043F0BD70B57E22AB
:108BE0007F210546FFF7D8FF18B1012819D00020D2
:108BF00070BD3E2249212846FFF7CEFF2F220446B2
:108C000031212846FFF7C8FF0646013450220236BC
:108C100053212846B440FFF7BFFF093804FA00F09B
:108C2000E6E7302245212846FFF7B6FF01308002F3
:108C3000DEE7000090F8D63090F8D7201B0403EB55
:108C4000026390F8D42090F8D500134403EB002081
:108C50007047000000F00CBA014B586A704700BF23
:108C6000000C0040034B002258631A610222DA60B4
:108C7000704700BF000C0040014B0022DA607047D3
:108C8000000C0040014B5863704700BF000C0040CF
:108C9000024B034A1A60034A5A6070478C660020F0
:108CA000B866002000000220074B494210B55C68FE
:108CB000201A08401968821A8A4203D3A24201D8B6
:108CC0005A6010BD0020FCE78C66002008B53023F8
:108CD00083F31188FFF7E8FF002383F3118808BDB1
:108CE0000448054B03600023C0E901330C3000F059
:108CF00017B900BF94660020CD8C0008CB1D083A40
:108D000023F00703591A521A10B4D2080024C0E9FC
:108D1000004384600C301C605A605DF8044B00F026
:108D2000FFB800002DE9F74F364FCD1D88460028CB
:108D300018BF0746082A4FEAD50538BF082207F1B1
:108D40000C003C1D9146019000F02CF9019809F1AE
:108D50000701C9F1000E2246246864B900F02CF91D
:108D60003B68CBB308224946E8009847044698B3CD
:108D700040E9027830E004EB010CD4F804A00CEADE
:108D80000E0C0AF10106ACF1080304EBC6069E4284
:108D9000E1D9A6EB0C0CB5EBEC0F4FEAEC0BDAD8F3
:108DA0009C421DD204F10802AB45A3EB02024FEA3C
:108DB000E202626009D9691CED4303EBC1025D4424
:108DC0005560256843F8315022601C46C3F8048082
:108DD00044F8087B00F0F0F8204603B0BDE8F08FBF
:108DE000AA45216802D111602346EEE7013504EB64
:108DF000C50344F8351003F10801761AF6105E60D9
:108E00001360F1E79466002073B50446A0F10805ED
:108E100050F8080C54F8043C061D0C300733019040
:108E2000DB0844F8043C00F0BDF8334601989E424C
:108E30001A6801D0AB4228D20AB1954225D244F833
:108E4000082C54F8042C1D60013254F8081C05EB62
:108E5000C206B14206D14E68324444F8042C0A6876
:108E600044F8082C5E68711C03EBC1018D4207D1E8
:108E700054F8042C013232445A6054F8082C1A6019
:108E800002B0BDE8704000F097B81346CFE700008D
:108E9000FEE7000070B51E4B0025044686B0586002
:108EA0000E4605638163FEF7D7FC04F12803A56035
:108EB0006563C4E90A3304F11003C4E904334FF0D5
:108EC000FF33C4E90044C4E90635FFF7C5FE2B466D
:108ED000024604F13C012046C4E9082380230D4AE0
:108EE0006567FDF7E3FB7368E0600B4A03620123EB
:108EF000009280F824306846F26801923269CDE928
:108F00000223064BCDE90435FDF704FC06B070BD25
:108F100010490020C49B0008BC9B0008918E0008EB
:108F20000023C0E9000083600361704770B51C4BEB
:108F300005468468DE685CB3B44213D1036901332B
:108F4000036170BDA36094F8243083B1062B15D162
:108F5000A06A2146D4E9003213605A60FDF702FB93
:108F6000A36A9C68B368A2689A42EBD306E0D4E98E
:108F70000032204613605A60FDF704FB2846314654
:108F8000FDF7F0FAB5620620BDE87040FDF7FCBAC7
:108F90000369866001330361336BC3603063D0E7DC
:108FA0006846002008B5302383F31188FFF7BEFF21
:108FB000002383F3118808BD194BD96883688B425D
:108FC00010B520D1302383F311880269013A026180
:108FD000B2B90468C368A0420B631ED04A6B9BB948
:108FE00001238A60036103681A68026050601A6B8B
:108FF0008360C26018631846FDF7C4FAFDF724FBCE
:10900000002383F3118810BD1C68A34203D0A46819
:10901000A24238BF2246DB68E1E78260F0E700BF8A
:1090200068460020024A536B18435063704700BFE4
:109030006846002038B5EFF311859DB9EFF305843C
:10904000C4F30804302334B183F31188FDF708FD1D
:1090500085F3118838BD83F31188FDF701FD84F392
:10906000118838BDBDE83840FDF7FABC70470000F4
:10907000114BD3F8E82042F00802C3F8E820D3F8F7
:10908000102142F00802C3F810210C4AD3F8103125
:10909000D36B43F00803D363C722094B9A624FF0A6
:1090A000FF32DA6200229A615A63DA605A60012262
:1090B0005A611A60704700BF004402580010005CFB
:1090C000000C0040094A08B51169D3680B40D9B2B9
:1090D0009B076FEA0101116107D5302383F31188E3
:1090E000FDF7D8FA002383F3118808BD000C004077
:1090F00010B501390244904201D1002005E0037807
:1091000011F8014FA34201D0181B10BD0130F2E746
:10911000884210B501EB020402D98442234607D8E5
:10912000431EA14208D011F8012B03F8012FF8E7E4
:10913000024401468A4200D110BD13F8014D02F8E5
:10914000014DF7E7C9B2034610F8012B1AB18A4264
:10915000F9D118467047002918BF0023F9E700002D
:10916000034611F8012B03F8012B002AF9D17047AF
:1091700010B50139034632B111F8014F03F8014B24
:10918000013A002CF7D11A440021934200D110BDBE
:1091900003F8011BF9E700003537316539643363A3
:1091A00039323439643632380000000012100000C1
:1091B00012110000121300004D4435002D2D0A003D
:1091C0002F6172647570696C6F742E6162696E00D4
:1091D0002F6172647570696C6F742D766572696643
:1091E000792E6162696E002F6172647570696C6FAF
:1091F000742D666C6173682E6162696E002F6172F6
:10920000647570696C6F742D666C61736865642E2B
:109210006162696E000000000000000000000000B4
:10922000150F0008B10F000861110008E90F0008D0
:10923000A90F00080000000000000000110F000846
:10924000BD0F0008991100080D0F0008190F000844
:1092500053544D333248373F3F3F0053544D333220
:10926000483733782F3732780053544D33324837EC
:1092700034332F3735332F373530000001105A0083
:109280000310590001205800032056002F00000051
:109290005375636365737366756C6C79206D6F7558
:1092A0006E746564205344436172642028736C6F4C
:1092B00077646F776E3D2575290A0000EB7690453F
:1092C000584641542020200046415433322020206B
:1092D000000000002A3A3C3E7C223F7F002B2C3BC2
:1092E0003D5B5D004355454141414143454545494D
:1092F000494941414592924F4F4F5555594F554F0E
:109300009C4F9E9F41494F55A5A5A6A7A8A9AAABCA
:10931000ACADAEAFB0B1B2B3B4414141B8B9BABB74
:10932000BCBDBEBFC0C1C2C3C4C54141C8C9CACB10
:10933000CCCDCECFD1D145454549494949D9DADBD4
:10934000DCDD49DF4FE14F4F4F4FE6E8E85555551B
:109350005959EEEFF0F1F2F3F4F5F6F7F8F9FAFBFC
:10936000FCFDFEFF01030507090E10121416181C60
:109370001E00000061001A03E0001703F800070355
:10938000FF000100780100013001320106013901BE
:1093900010014A012E017901060180014D004302AE
:1093A0008101820182018401840186018701870194
:1093B00089018A018B018B018D018E018F01900142
:1093C0009101910193019401F60196019701980191
:1093D00098013D029B019C019D0120029F01A0017B
:1093E000A001A201A201A401A401A601A701A70155
:1093F000A901AA01AB01AC01AC01AE01AF01AF0103
:10940000B101B201B301B301B501B501B701B801B2
:10941000B801BA01BB01BC01BC01BE01F701C0012A
:10942000C101C201C301C401C501C401C701C80112
:10943000C701CA01CB01CA01CD011001DD01010044
:109440008E01DE011201F3010300F101F401F401C8
:10945000F8012801220212013A020900652C3B02A0
:109460003B023D02662C3F0240024102410246029D
:109470000A015302400081018601550289018A01D7
:1094800058028F015A0290015C025D025E025F0287
:10949000930161026202940164026502660267023E
:1094A000970196016A02622C6C026D026E029C01A9
:1094B000700271029D01730274029F0176027702AD
:1094C000780279027A027B027C02642C7E027F029F
:1094D000A60181028202A901840285028602870216
:1094E000AE014402B101B20145028D028E028F022B
:1094F00090029102B7017B030300FD03FE03FF030B
:10950000AC0304008603880389038A03B1031103B3
:10951000C2030200A303A303C4030803CC03030094
:109520008C038E038F03D8031801F2030A00F9039A
:10953000F303F403F503F603F703F703F903FA0360
:10954000FA033004200350041007600422018A0447
:109550003601C1040E01CF040100C004D00444014F
:1095600061052604000000007D1D0100632C001E23
:109570009601A01E5A01001F0806101F0606201F94
:109580000806301F0806401F0606511F0700591F16
:10959000521F5B1F541F5D1F561F5F1F601F080671
:1095A000701F0E00BA1FBB1FC81FC91FCA1FCB1FC9
:1095B000DA1FDB1FF81FF91FEA1FEB1FFA1FFB1F43
:1095C000801F0806901F0806A01F0806B01F040091
:1095D000B81FB91FB21FBC1FCC1F0100C31FD01F73
:1095E0000206E01F0206E51F0100EC1FF31F010049
:1095F000FC1F4E2101003221702110028421010044
:109600008321D0241A05302C2F04602C0201672CF2
:109610000601752C0201802C6401002D260841FFF3
:109620001A030000C700FC00E900E200E400E000CB
:10963000E500E700EA00EB00E800EF00EE00EC00D8
:10964000C400C500C900E600C600F400F600F20040
:10965000FB00F900FF00D600DC00F800A300D800F2
:10966000D7009201E100ED00F300FA00F100D10013
:10967000AA00BA00BF00AE00AC00BD00BC00A10053
:10968000AB00BB0091259225932502252425C1001E
:10969000C200C000A9006325512557255D25A20001
:1096A000A5001025142534252C251C2500253C2536
:1096B000E300C3005A2554256925662560255025F9
:1096C0006C25A400F000D000CA00CB00C800310116
:1096D000CD00CE00CF0018250C2588258425A600B6
:1096E000CC008025D300DF00D400D200F500D500E7
:1096F000B500FE00DE00DA00DB00D900FD00DD0071
:10970000AF00B400AD00B1001720BE00B600A70046
:10971000F700B800B000A800B700B900B300B2006D
:10972000A025A000100002400800024000080240EE
:1097300000000B002800024008000240040802401C
:1097400006010C00400002400800024008080240E8
:1097500010020D0058000240080002400C080240B0
:1097600016030E00700002400C0002401008024078
:1097700000040F00880002400C0002401408024060
:1097800006051000A00002400C000240180802402C
:1097900010061100B80002400C0002401C080240F4
:1097A00016072F001004024008040240200802405F
:1097B000000838002804024008040240240802403F
:1097C000060939004004024008040240280802400B
:1097D000100A3A0058040240080402402C080240D3
:1097E000160B3B00700402400C040240300802409B
:1097F000000C3C00880402400C0402403408024083
:10980000060D4400A00402400C0402403808024047
:10981000100E4500B80402400C0402403C0802400F
:10982000160F460001000000000000000096000036
:109830000000000000000000000000000000000028
:109840000000000000000000FD6C0008016D000831
:10985000D55700080D5B00086957000891570008AC
:10986000B95700085157000800000000C15B00080C
:10987000AD5B0008E95B0008D55B0008E15B000810
:10988000CD5B0008B95B0008A55B0008F55B00082C
:1098900000000000D95C0008C55C0008015D0008FC
:1098A000ED5C0008F95C0008E55C0008D15C00088C
:1098B000BD5C00080D5D0008000000000100000014
:1098C0000000000063300000C498000800000000A1
:1098D00000000000E0460020104900200000802A1F
:1098E00000020000AAAAAAAA00000024FFFF0000AC
:1098F0000000000000A00A00000200A0000000001C
:10990000AAAAAAAA00010050FFFF00000000090057
:10991000000000990000000600000000AAAAAAAA00
:1099200000000001FFFF0000000000000000080030
:1099300020A00A0000000000AAAAAAAA1040050060
:10994000FFFF0000000800BB770000004014020089
:1099500028000000AAAAAAAA00000100FFFF000038
:1099600000000000070000000020000100000000CF
:10997000AAAAAAAA00100000FFFF0000000000072A
:10998000000000000051800000000000AAAAAAAA5E
:1099900000404000FFFF00000000000000A00000A9
:1099A0000004004000000000AAAAAAAA0004004087
:1099B000FFFF000000000000000000000001150093
:1099C00000000000AAAAAAAA00011500FFFF0000DB
:1099D0000000000000000000000000000000000087
:1099E000AAAAAAAA00000000FFFF000000000000D1
:1099F000000000000000000000000000AAAAAAAABF
:109A000000000000FFFF0000000000000000000058
:109A10004172647550696C6F740025424F41524425
:109A2000252D424C002553455249414C250000004C
:109A30000200000000000000F95E0008695F0008F5
:109A400040004000C0610020D06100200200000002
:109A5000000000000300000000000000B15F0008EB
:109A60000000000010000000E06100200000000085
:109A700001000000000000003C6500200101020020
:109A8000F96D0008096D0008A56D0008896D0008D2
:109A900043000000989A000809024300020100C038
:109AA0003209040000010202010005240010010532
:109AB0002401000104240202052406000107058296
:109AC000030800FF09040100020A00000007050165
:109AD0000240000007058102400000001200000063
:109AE000E49A0008120110010200004009124157D7
:109AF00000020102030100000403090425424F4152
:109B0000524425005A65726F4F6E655839003031E6
:109B10003233343536373839414243444546000004
:109B200000000020000002000200000000000030E1
:109B300000000400080000000000002400000800ED
:109B4000040000000004000000FC0000020000000F
:109B50000000043000800000080000000000003811
:109B600000000100010000001F1C1F1E1F1E1F1F00
:109B70001E1F1E1F1F1D1F1E1F1E1F1F1E1F1E1FFD
:109B8000000000000D610008C56300087164000852
:109B90004000400074660020746600200100000050
:109BA00084660020800000004001000008000000E2
:109BB00000010000001000000800000069646C65EE
:109BC000000000006D61696E002C04380404380840
:109BD0000C10141C20242526000000000000640442
:109BE0000100040000000000000C001028303400C8
:109BF0007868FF7F01000000E11500000000000010
:109C000000001E0000000000FF00000018490020B6
:109C1000F83900208C390020203900200000000095
:109C200050920008830400005B920008500400007A
:109C3000699200080100000000000000009600008A
:109C4000000008009600000000080000040000006A
:109C5000F89A00080000000000000000000000006A
:0C9C6000000000000000000000000000F8
:00000001FF
